9602465,-36,-43,-55,-71,-96,-131,-182,1650766073,14
7031434,-27,-34,-46,-63,-87,-122,-173,1650766073,23
9557557,-33,-40,-52,-69,-93,-128,-179,1650766106,17
8281604,-32,-40,-51,-68,-92,-127,-179,1650766106,18
6214729,-8,-15,-27,-43,-67,-102,-154,1650766103,42
4839225,-33,-40,-52,-68,-93,-128,-179,1650766094,17
8925684,-30,-37,-49,-66,-90,-125,-176,1650766091,20
7018202,-35,-42,-54,-70,-94,-129,-181,1650766091,15
3723994,-18,-25,-37,-54,-78,-113,-165,1650766091,32
11297934,71,64,52,35,11,-23,-75,1650766091,122
9602465,-36,-43,-55,-71,-96,-131,-182,1650766073,14
7031434,-27,-34,-46,-63,-87,-122,-173,1650766073,23
7583763,-24,-31,-43,-60,-84,-119,-170,1650766070,26
9950008,-24,-31,-43,-60,-84,-119,-170,1650766058,26
6636232,-7,-14,-26,-42,-66,-101,-153,1650766058,43
9798101,-7,-14,-26,-42,-66,-101,-153,1650766040,43
11120081,-21,-28,-40,-57,-81,-116,-167,1650766040,29
7377973,-24,-31,-43,-60,-84,-119,-170,1650766037,26
6103126,-29,-36,-48,-65,-89,-124,-176,1650766037,21
10368168,38,31,19,2,-21,-56,-108,1650766037,89
8474844,-27,-34,-46,-62,-86,-121,-172,1650766025,23
3917548,-36,-43,-55,-71,-95,-130,-181,1650766025,14
6948987,-36,-43,-54,-71,-95,-130,-182,1650766289,14
10205554,4,-2,-14,-30,-54,-90,-141,1650766289,55
8763943,-35,-43,-54,-71,-95,-130,-182,1650766271,15
4776126,-35,-42,-54,-70,-94,-130,-181,1650766268,15
7242864,-33,-40,-52,-68,-93,-128,-179,1650766247,17
3649456,-39,-46,-58,-74,-98,-134,-185,1650766244,11
1536544,-20,-27,-39,-56,-80,-115,-166,1650766238,29
6861714,-33,-40,-52,-68,-92,-127,-178,1650766235,17
2927971,-36,-43,-54,-71,-95,-130,-181,1650766235,14
2094257,-27,-34,-46,-62,-86,-121,-172,1650766235,23
7002557,-26,-33,-45,-62,-86,-120,-172,1650766223,24
11267754,17,10,0,-17,-41,-76,-127,1650766223,68
11251563,28,21,9,-7,-31,-66,-117,1650766223,79
10794358,28,21,9,-7,-31,-66,-117,1650766223,79
4879704,-35,-42,-54,-70,-94,-129,-180,1650766205,15
9595734,-33,-40,-51,-68,-92,-127,-178,1650766172,17
11110822,60,53,41,25,1,-33,-84,1650766172,111
11072990,-9,-16,-27,-44,-68,-103,-155,1650766172,41
8428472,-35,-42,-54,-71,-95,-130,-182,1650766169,15
6931503,-21,-28,-40,-57,-81,-116,-167,1650766160,29
9580723,-6,-13,-25,-41,-65,-101,-152,1650766466,44
4996890,-35,-42,-54,-71,-95,-130,-181,1650766466,15
9352187,-6,-13,-25,-42,-66,-100,-152,1650766445,44
8935527,-18,-25,-37,-54,-78,-113,-164,1650766436,32
11203931,0,-7,-19,-35,-59,-94,-145,1650766436,50
11076984,-35,-42,-54,-71,-95,-129,-181,1650766436,15
7100041,-16,-23,-35,-52,-76,-110,-162,1650766433,34
3190267,-33,-40,-52,-68,-92,-127,-178,1650766433,17
10719071,-6,-13,-25,-42,-66,-100,-152,1650766433,44
1410284,-11,-18,-30,-46,-70,-105,-156,1650766421,39
11295101,43,35,24,7,-16,-51,-103,1650766421,93
10266640,-36,-43,-55,-71,-95,-131,-182,1650766421,14
10053818,-37,-44,-56,-72,-96,-131,-182,1650766421,13
8720331,-6,-14,-25,-42,-66,-101,-153,1650766418,44
10355615,-6,-13,-25,-42,-66,-100,-152,1650766403,44
7280148,-33,-40,-52,-68,-92,-127,-178,1650766388,17
8869070,-6,-13,-25,-42,-66,-100,-152,1650766376,44
8119085,-30,-37,-49,-66,-90,-125,-176,1650766370,20
8001154,-36,-43,-54,-71,-95,-130,-181,1650766370,14
7768024,-26,-33,-45,-61,-85,-120,-171,1650766367,24
9830255,15,8,-2,-19,-43,-78,-129,1650766640,66
4201100,-36,-43,-55,-71,-95,-130,-181,1650766631,14
906366,-16,-24,-35,-52,-76,-111,-163,1650766619,34
1242147,19,12,0,-15,-39,-74,-125,1650766619,70
10687125,-4,-11,-23,-39,-63,-98,-149,1650766619,46
10178007,-35,-42,-54,-70,-94,-129,-180,1650766619,15
4265523,-15,-22,-34,-50,-74,-109,-160,1650766601,35
2078568,-30,-37,-49,-65,-89,-124,-175,1650766601,20
11305451,-14,-21,-32,-49,-73,-108,-159,1650766601,36
6282879,-30,-37,-49,-65,-89,-124,-175,1650766598,20
325578,-34,-41,-53,-70,-94,-128,-180,1650766598,16
2145631,-32,-39,-51,-68,-92,-126,-178,1650766598,18
9696949,-20,-27,-38,-55,-79,-114,-165,1650766586,30
7798341,-32,-39,-51,-67,-91,-126,-177,1650766568,18
3598612,-34,-41,-53,-70,-94,-128,-180,1650766568,16
9725392,-36,-43,-55,-71,-95,-130,-181,1650766565,14
9715508,-23,-30,-41,-58,-82,-117,-168,1650766565,27
5173044,-27,-34,-46,-62,-86,-121,-172,1650766565,23
10571533,28,21,9,-6,-30,-65,-116,1650766562,79
7815565,-28,-35,-47,-64,-88,-123,-174,1650766553,22
9652451,-15,-22,-34,-51,-75,-110,-162,1650766817,35
7586881,-34,-42,-53,-70,-94,-129,-180,1650766817,15
2630497,-33,-40,-52,-69,-93,-128,-179,1650766817,17
8704853,-21,-28,-40,-56,-80,-115,-166,1650766805,29
7669825,-33,-40,-52,-68,-92,-127,-178,1650766796,17
6182057,-34,-41,-53,-70,-94,-128,-180,1650766796,16
1335700,-34,-41,-53,-70,-94,-129,-180,1650766796,16
9980895,-21,-28,-40,-56,-80,-115,-166,1650766790,29
2556821,-36,-43,-55,-71,-95,-130,-181,1650766784,14
9689806,-21,-28,-40,-56,-80,-115,-166,1650766778,29
7293223,-21,-28,-40,-56,-80,-115,-166,1650766766,29
9806331,-29,-36,-48,-64,-89,-124,-175,1650766763,21
4146699,-36,-43,-55,-71,-95,-130,-181,1650766763,14
2116231,-24,-31,-43,-59,-83,-118,-169,1650766763,26
6493838,-24,-31,-43,-59,-83,-118,-169,1650766754,26
8858453,-24,-31,-43,-59,-83,-118,-169,1650766742,26
6797304,-37,-45,-56,-73,-97,-132,-183,1650766739,12
8690361,-3,-10,-22,-39,-63,-98,-149,1650766730,47
11248944,10,3,-8,-24,-48,-83,-134,1650766730,61
5654253,-39,-46,-58,-74,-98,-133,-184,1650766721,11
2238958,-33,-40,-52,-68,-92,-127,-178,1650766964,17
6618077,-21,-28,-40,-56,-80,-115,-166,1650766961,29
5076949,-19,-26,-38,-54,-78,-113,-164,1650766949,31
10455511,2,-5,-16,-33,-57,-92,-143,1650766949,52
5285780,-31,-39,-50,-67,-91,-126,-178,1650766931,19
1384356,-34,-42,-53,-70,-94,-129,-181,1650766931,16
11218162,119,112,100,84,60,25,-25,1650766928,170
11088882,50,43,31,14,-9,-44,-95,1650766928,100
10915232,-32,-39,-51,-67,-91,-126,-177,1650766928,18
6456841,-36,-43,-55,-71,-95,-130,-181,1650766916,14
11056199,-12,-19,-31,-48,-72,-106,-158,1650766916,38
8639280,-21,-28,-40,-56,-80,-115,-166,1650766907,29
9946975,52,44,33,16,-7,-42,-93,1650766898,102
5558120,-34,-41,-53,-70,-94,-129,-180,1650766898,16
4616182,-20,-27,-39,-55,-79,-114,-165,1650766898,30
11306681,49,42,30,14,-10,-44,-96,1650766898,100
8752316,-21,-28,-40,-56,-80,-115,-166,1650766895,29
800342,-35,-42,-54,-71,-95,-129,-181,1650766895,15
11227642,-3,-10,-22,-39,-63,-98,-149,1650766895,47
9236934,-37,-44,-56,-73,-97,-131,-183,1650766886,13
5440670,-39,-46,-58,-74,-98,-133,-184,1650767150,11
8399141,-31,-38,-50,-66,-90,-125,-177,1650767147,19
6337136,-20,-27,-38,-55,-79,-114,-165,1650767147,30
5479772,-35,-42,-54,-70,-94,-129,-180,1650767147,15
7685927,-18,-25,-37,-53,-77,-112,-163,1650767144,32
306239,-36,-43,-55,-71,-96,-131,-182,1650767141,14
1692635,-14,-21,-33,-49,-73,-108,-159,1650767135,36
9005197,-34,-42,-53,-70,-94,-129,-180,1650767132,15
6917679,-18,-25,-37,-53,-77,-112,-163,1650767132,32
5016374,6,0,-12,-29,-53,-87,-139,1650767129,57
7874632,-21,-28,-40,-56,-80,-115,-166,1650767126,29
7006584,-33,-40,-52,-68,-92,-127,-178,1650767126,17
4919064,-34,-42,-53,-70,-94,-129,-180,1650767126,15
4825416,-18,-25,-37,-53,-77,-112,-163,1650767126,32
10568502,-18,-25,-37,-53,-77,-112,-163,1650767120,32
9917594,-24,-31,-43,-60,-84,-119,-170,1650767114,26
10649869,-18,-25,-37,-53,-77,-112,-163,1650767108,32
4027892,-36,-43,-55,-71,-95,-130,-181,1650767093,14
8877978,-18,-25,-37,-53,-77,-112,-163,1650767087,32
9761460,-19,-26,-38,-54,-78,-113,-164,1650767072,31
9471138,-24,-31,-43,-59,-83,-118,-169,1650767333,26
1615033,-36,-43,-55,-71,-95,-130,-181,1650767327,14
8619270,19,12,0,-15,-39,-74,-125,1650767312,70
1035529,-18,-25,-37,-53,-77,-112,-163,1650767312,32
10764858,-12,-19,-31,-48,-72,-106,-158,1650767300,38
4487599,-35,-42,-54,-71,-95,-130,-181,1650767279,15
3802915,-35,-42,-54,-70,-95,-130,-181,1650767279,15
2337761,-33,-40,-52,-68,-92,-127,-178,1650767279,17
4101892,-36,-43,-55,-71,-95,-130,-181,1650767267,14
3366498,-36,-43,-55,-71,-95,-130,-181,1650767267,14
9965638,13,6,-5,-21,-45,-80,-131,1650767261,64
5074391,-31,-38,-50,-67,-91,-126,-177,1650767258,19
841575,-35,-42,-53,-70,-94,-129,-180,1650767246,15
10099996,-32,-39,-50,-67,-91,-126,-177,1650767228,18
3201883,-35,-42,-54,-70,-94,-129,-180,1650767213,15
1078744,-30,-37,-49,-65,-89,-124,-175,1650767213,20
11089050,-27,-34,-46,-62,-86,-121,-172,1650767195,23
9360966,13,6,-5,-22,-46,-81,-132,1650767192,64
9401833,-27,-34,-46,-63,-87,-122,-173,1650767180,23
11061574,7,0,-11,-27,-51,-86,-137,1650767180,58
11150041,37,30,18,1,-22,-57,-109,1650767510,88
10058584,63,56,44,27,3,-31,-82,1650767498,114
10972736,-30,-37,-49,-66,-90,-125,-176,1650767492,20
10154335,60,53,41,25,0,-34,-85,1650767468,111
8421268,-22,-29,-41,-58,-82,-116,-168,1650767459,28
5336586,-36,-43,-55,-71,-95,-130,-181,1650767459,14
11274503,134,126,115,98,74,39,-12,1650767459,185
10589995,-24,-31,-43,-59,-83,-118,-169,1650767459,26
10070218,-20,-27,-38,-55,-79,-114,-165,1650767459,30
2247383,-30,-37,-49,-65,-89,-124,-175,1650767456,20
192710,-27,-34,-46,-63,-87,-122,-173,1650767444,23
10976019,-7,-14,-26,-42,-66,-101,-153,1650767444,44
6144099,28,21,9,-7,-31,-66,-118,1650767426,79
2168635,7,0,-11,-27,-51,-86,-137,1650767426,58
10362226,-13,-20,-32,-48,-72,-107,-158,1650767426,37
5940833,-33,-40,-52,-68,-92,-127,-178,1650767411,17
5700443,-33,-40,-52,-68,-92,-127,-178,1650767411,17
2382839,-33,-40,-52,-69,-93,-127,-179,1650767393,17
1783882,-35,-42,-54,-71,-95,-130,-181,1650767393,15
3138161,-29,-36,-48,-64,-88,-123,-174,1650767384,21
9522995,-27,-34,-46,-62,-86,-121,-172,1650767807,23
5951140,-33,-40,-52,-68,-92,-127,-178,1650767807,17
10975710,-23,-30,-42,-58,-82,-117,-168,1650767792,27
6736545,-35,-42,-53,-70,-94,-129,-180,1650767774,15
306239,-34,-41,-53,-69,-93,-128,-179,1650767771,16
5380695,-27,-34,-46,-62,-86,-121,-172,1650767759,23
3396511,-34,-41,-53,-69,-94,-129,-180,1650767759,16
10932166,-4,-11,-23,-39,-63,-98,-150,1650767741,47
10102988,-33,-40,-52,-68,-92,-127,-179,1650767741,17
7842004,-26,-33,-45,-61,-85,-120,-171,1650767738,24
3885188,-33,-40,-52,-68,-92,-127,-178,1650767738,17
10473587,13,6,-5,-21,-45,-80,-131,1650767738,64
10740089,15,8,-3,-20,-44,-79,-131,1650767735,66
9258674,-47,-54,-66,-82,-106,-142,-193,1650767732,3
5783685,-36,-43,-55,-71,-95,-130,-181,1650767726,14
10237029,-12,-19,-31,-48,-72,-107,-159,1650767726,38
6561905,-33,-40,-52,-69,-93,-128,-179,1650767708,17
1771940,-32,-39,-51,-68,-92,-126,-178,1650767708,18
10973504,-6,-13,-25,-41,-65,-100,-151,1650767705,44
5791063,-36,-43,-55,-72,-96,-130,-182,1650767702,14
8371703,22,15,3,-13,-37,-72,-124,1650767990,73
7998881,-35,-42,-54,-70,-94,-129,-181,1650767990,15
10274702,-23,-30,-42,-59,-83,-118,-170,1650767972,27
10045115,-17,-24,-35,-52,-76,-111,-162,1650767972,33
7673575,-14,-21,-33,-50,-74,-108,-160,1650767939,36
678292,-35,-42,-54,-71,-95,-130,-182,1650767936,15
1355810,-39,-46,-57,-74,-98,-133,-184,1650767924,11
11302327,-9,-16,-28,-45,-69,-104,-155,1650767924,41
312189,-30,-37,-49,-66,-90,-125,-176,1650767903,20
9663103,-37,-44,-55,-72,-96,-131,-182,1650767894,13
7219163,-36,-44,-55,-72,-96,-131,-183,1650767891,14
1898802,-34,-41,-53,-70,-94,-129,-181,1650767879,16
1768352,-21,-28,-40,-57,-81,-116,-167,1650767870,29
9546740,-25,-32,-44,-60,-84,-119,-171,1650767840,25
3573475,-33,-40,-52,-69,-93,-128,-180,1650767840,17
8610283,3,-3,-15,-32,-56,-91,-142,1650767825,54
9522995,-27,-34,-46,-63,-87,-122,-174,1650767807,23
5951140,-33,-40,-52,-69,-93,-128,-180,1650767807,17
10975710,-23,-30,-42,-58,-83,-118,-169,1650767792,27
6736545,-35,-42,-54,-70,-94,-129,-181,1650767774,15
8613491,-31,-38,-50,-66,-90,-125,-176,1650768158,19
343890,-29,-36,-48,-65,-89,-123,-175,1650768155,21
2932940,-33,-40,-52,-68,-92,-127,-178,1650768155,17
8866852,-24,-31,-43,-59,-83,-118,-169,1650768134,26
7341240,-27,-34,-46,-62,-86,-121,-172,1650768122,23
3327721,-36,-43,-55,-71,-95,-130,-181,1650768122,14
3261754,-36,-43,-54,-71,-95,-130,-181,1650768122,14
6859605,-24,-31,-43,-59,-83,-118,-169,1650768101,26
3713369,-36,-43,-55,-71,-95,-130,-181,1650768101,14
10551465,-18,-25,-37,-53,-77,-112,-163,1650768092,32
9476694,-35,-42,-54,-70,-94,-129,-180,1650768089,15
4128667,-29,-37,-48,-65,-89,-124,-175,1650768089,20
4022910,-36,-43,-55,-71,-95,-130,-181,1650768071,14
1295384,-35,-42,-54,-70,-94,-129,-180,1650768068,15
10297191,-36,-43,-54,-71,-95,-130,-181,1650768068,14
11126105,51,44,32,15,-8,-43,-94,1650768056,101
11293967,89,82,70,54,30,-4,-55,1650768038,140
1594561,-31,-38,-50,-67,-91,-126,-177,1650768035,19
11305351,46,39,27,10,-13,-48,-99,1650768035,97
5926280,-27,-34,-46,-62,-86,-121,-172,1650768023,23
653431,-35,-42,-54,-70,-94,-129,-180,1650768335,15
5651855,-36,-43,-55,-71,-95,-130,-181,1650768332,14
9849626,-32,-39,-51,-67,-91,-126,-177,1650768317,18
996053,-33,-40,-52,-68,-92,-127,-178,1650768302,17
6679836,-29,-36,-48,-65,-89,-123,-175,1650768302,21
3913627,-33,-40,-52,-69,-93,-128,-179,1650768302,17
10691484,-17,-24,-36,-52,-76,-111,-162,1650768302,33
6195997,-36,-43,-55,-71,-95,-130,-181,1650768299,14
11189908,50,43,31,14,-9,-44,-95,1650768299,101
8655371,-27,-34,-45,-62,-86,-121,-172,1650768287,23
1048327,-37,-44,-55,-72,-96,-131,-182,1650768287,13
10088811,-36,-43,-55,-72,-96,-131,-182,1650768281,14
4547012,-35,-42,-54,-71,-95,-130,-181,1650768266,15
11202240,-26,-33,-45,-61,-85,-120,-171,1650768236,24
7467640,-36,-43,-55,-71,-95,-130,-181,1650768233,14
4620772,-32,-39,-51,-67,-91,-126,-177,1650768233,18
9372115,-35,-42,-54,-70,-94,-129,-180,1650768221,15
81238,-36,-43,-55,-71,-95,-130,-181,1650768221,14
773834,-22,-29,-41,-57,-82,-117,-168,1650768221,28
9815713,-21,-28,-40,-57,-81,-116,-167,1650768200,29
1344314,-34,-41,-53,-69,-93,-128,-179,1650768518,16
4055929,-39,-46,-57,-74,-98,-133,-184,1650768506,11
11299466,-31,-38,-50,-67,-91,-126,-177,1650768500,19
10998070,-5,-12,-24,-40,-64,-99,-150,1650768500,45
4644742,-24,-31,-43,-60,-84,-119,-171,1650768467,26
297425,-36,-44,-55,-72,-96,-131,-183,1650768467,14
3961711,-33,-40,-52,-69,-93,-128,-179,1650768464,17
6496004,-36,-43,-55,-71,-95,-130,-181,1650768434,14
4481742,-36,-43,-55,-71,-96,-131,-182,1650768431,14
11292038,-33,-40,-52,-68,-92,-127,-178,1650768431,17
10074043,-27,-34,-46,-62,-86,-121,-172,1650768431,23
8280224,-34,-41,-53,-69,-93,-128,-179,1650768419,16
5027298,-24,-31,-43,-60,-84,-119,-170,1650768419,26
2211084,-36,-43,-55,-71,-95,-130,-181,1650768419,14
2529572,-37,-45,-56,-73,-97,-132,-184,1650768407,13
1640543,-35,-42,-54,-71,-95,-130,-182,1650768401,15
5528584,-4,-11,-23,-39,-63,-98,-149,1650768398,46
3885068,-36,-43,-55,-72,-96,-131,-182,1650768398,14
2774682,-36,-43,-55,-71,-95,-130,-181,1650768398,14
10131886,-26,-33,-45,-61,-85,-120,-171,1650768398,24
8574234,-24,-31,-43,-59,-83,-118,-169,1650768698,26
7720269,-24,-31,-43,-59,-83,-118,-169,1650768698,26
9284000,-26,-33,-45,-61,-85,-120,-171,1650768695,24
3443416,-33,-40,-51,-68,-92,-127,-178,1650768695,17
5834003,-36,-43,-55,-71,-95,-130,-181,1650768692,14
9535838,7,0,-11,-27,-51,-86,-137,1650768683,58
8060291,-33,-40,-51,-68,-92,-127,-178,1650768683,17
3146504,-23,-30,-42,-59,-83,-118,-169,1650768683,27
11200554,90,82,71,54,30,-4,-55,1650768683,140
3457311,-9,-16,-28,-45,-69,-104,-155,1650768665,41
1732487,-36,-43,-55,-71,-95,-130,-181,1650768665,14
1345918,-35,-42,-54,-70,-94,-129,-180,1650768665,15
10500645,7,0,-11,-27,-51,-86,-137,1650768665,58
9558451,4,-2,-13,-30,-54,-89,-140,1650768662,55
8087988,-36,-43,-55,-72,-96,-130,-182,1650768656,14
6210921,-18,-25,-37,-53,-78,-112,-163,1650768650,32
9703886,-11,-18,-30,-47,-71,-106,-157,1650768632,39
11306138,113,106,94,78,54,19,-31,1650768632,164
697315,-29,-36,-48,-65,-89,-124,-175,1650768629,21
6336522,-34,-41,-53,-69,-93,-128,-179,1650768629,16
9371540,-33,-40,-52,-68,-92,-127,-178,1650768896,17
11263801,35,28,16,0,-24,-58,-110,1650768896,86
1308143,-36,-43,-55,-71,-95,-130,-181,1650768893,14
1442104,-36,-43,-55,-71,-95,-130,-181,1650768890,14
11159851,25,18,6,-9,-33,-68,-119,1650768881,76
10510318,-15,-22,-34,-51,-75,-109,-161,1650768881,35
9570724,-33,-40,-52,-69,-93,-128,-179,1650768875,17
6094430,-36,-43,-55,-71,-95,-130,-181,1650768863,14
3338406,-36,-43,-55,-71,-95,-130,-181,1650768860,14
990664,-33,-40,-52,-68,-92,-127,-178,1650768848,17
5121729,-36,-43,-55,-71,-95,-130,-181,1650768848,14
6302563,-35,-42,-54,-70,-94,-129,-180,1650768827,15
983406,-29,-36,-48,-64,-88,-123,-174,1650768818,21
3192103,-36,-43,-55,-71,-95,-130,-181,1650768818,14
3111748,-36,-43,-55,-71,-95,-130,-181,1650768794,14
10846834,-27,-34,-46,-62,-86,-121,-172,1650768794,23
1082731,-17,-24,-36,-52,-77,-112,-163,1650768794,33
2501226,-33,-40,-52,-68,-92,-127,-178,1650768782,17
11238259,-21,-28,-40,-56,-81,-115,-166,1650768782,29
10657619,8,1,-9,-26,-50,-85,-136,1650768764,59
232913,-37,-44,-55,-72,-96,-131,-183,1650769061,14
9644286,-35,-42,-54,-70,-94,-129,-180,1650769058,15
878691,-32,-39,-51,-67,-91,-126,-178,1650769058,19
11110862,-10,-17,-29,-45,-69,-104,-155,1650769058,40
361071,-15,-22,-34,-51,-75,-109,-161,1650769046,35
2292997,-36,-43,-55,-71,-95,-130,-181,1650769046,14
2512332,-34,-41,-53,-70,-94,-129,-180,1650769034,16
4633352,-28,-36,-47,-64,-88,-123,-174,1650769028,22
7792474,-34,-41,-53,-70,-94,-129,-180,1650769016,16
3942598,-36,-43,-55,-71,-95,-130,-181,1650768995,14
300294,-32,-39,-51,-67,-91,-126,-177,1650768995,18
1392372,-34,-41,-53,-70,-94,-129,-180,1650768995,16
11105206,82,75,63,46,22,-12,-63,1650768995,133
610062,-33,-40,-52,-69,-93,-127,-179,1650768992,17
4828715,-35,-42,-54,-70,-94,-129,-180,1650768992,15
703684,-18,-25,-37,-53,-77,-112,-163,1650768980,32
220277,-36,-43,-55,-71,-95,-130,-181,1650768980,14
2027052,-30,-37,-49,-66,-90,-124,-176,1650768980,20
9673628,-9,-16,-28,-45,-69,-104,-155,1650768959,41
11054588,-36,-43,-55,-71,-96,-131,-182,1650768959,14
8974834,-11,-18,-30,-47,-71,-106,-157,1650769244,39
5292993,-31,-39,-50,-67,-91,-126,-178,1650769244,19
2125441,110,103,91,74,50,15,-35,1650769244,161
11293941,56,49,37,21,-2,-37,-88,1650769244,107
10260396,-14,-21,-33,-50,-74,-109,-160,1650769244,36
10433211,-20,-27,-38,-55,-79,-114,-165,1650769226,30
5684089,-36,-43,-55,-71,-95,-130,-181,1650769223,14
11005450,-8,-15,-26,-43,-67,-102,-153,1650769223,42
1735874,-39,-46,-58,-74,-98,-133,-184,1650769211,11
7457355,22,15,3,-12,-36,-71,-122,1650769193,73
10873607,-15,-22,-34,-51,-75,-110,-162,1650769193,35
9299890,-11,-18,-30,-47,-71,-106,-157,1650769190,39
1887712,-30,-38,-49,-66,-90,-125,-177,1650769190,20
10932181,37,29,18,1,-22,-57,-109,1650769160,88
10285855,-24,-31,-43,-60,-84,-119,-170,1650769160,26
8658148,-36,-43,-55,-71,-96,-131,-182,1650769157,14
6613272,-34,-41,-53,-70,-94,-129,-180,1650769157,16
5767878,-30,-37,-49,-66,-90,-125,-176,1650769157,20
3740505,-33,-40,-52,-68,-93,-128,-179,1650769157,17
2275263,-36,-43,-55,-71,-96,-131,-182,1650769157,14
8955767,2,-5,-17,-33,-57,-92,-144,1650769421,53
11301203,63,56,44,27,3,-31,-83,1650769421,114
1116207,-37,-44,-56,-73,-97,-132,-183,1650769412,13
8163040,-33,-40,-52,-68,-92,-127,-178,1650769409,17
3517639,-36,-43,-55,-71,-95,-130,-181,1650769409,14
4891000,-36,-43,-55,-71,-96,-131,-182,1650769388,14
4680381,-11,-18,-30,-47,-71,-106,-157,1650769376,39
8991791,-28,-36,-47,-64,-88,-123,-175,1650769364,22
478257,-34,-41,-53,-69,-93,-128,-180,1650769355,16
5985173,-19,-26,-38,-54,-78,-113,-165,1650769343,31
5597337,-32,-39,-51,-67,-91,-126,-177,1650769325,18
11104946,-23,-30,-42,-58,-82,-117,-169,1650769325,27
10616956,-1,-8,-20,-36,-60,-95,-147,1650769325,50
2353008,-33,-40,-52,-68,-93,-128,-179,1650769322,17
11235308,-9,-16,-28,-45,-69,-104,-156,1650769322,41
9375354,-39,-46,-58,-74,-99,-134,-185,1650769310,11
4998025,69,62,50,34,9,-25,-76,1650769310,120
4490525,-36,-43,-55,-71,-96,-131,-182,1650769310,14
3866392,-30,-37,-49,-66,-90,-125,-176,1650769292,20
7431210,-16,-24,-35,-52,-76,-111,-163,1650769289,34
6814794,-36,-44,-55,-72,-96,-131,-183,1650769616,14
3402058,-36,-43,-55,-72,-96,-131,-182,1650769607,14
11024957,34,27,15,-1,-25,-60,-112,1650769607,85
10402929,-1,-8,-20,-36,-60,-95,-147,1650769607,50
7817789,-29,-36,-48,-64,-88,-123,-175,1650769604,22
299535,34,27,15,-1,-25,-60,-112,1650769604,85
1585130,-26,-33,-45,-61,-85,-120,-172,1650769604,25
4579451,-36,-43,-55,-71,-96,-131,-182,1650769595,14
10749459,-11,-18,-30,-46,-70,-105,-157,1650769592,40
3455655,-36,-43,-55,-72,-96,-131,-183,1650769574,14
605361,-29,-37,-48,-65,-89,-124,-176,1650769571,21
4593244,-24,-31,-43,-60,-84,-119,-170,1650769571,26
4395651,-34,-42,-53,-70,-94,-129,-181,1650769571,16
391207,-36,-43,-55,-71,-95,-130,-181,1650769571,14
319540,-36,-43,-55,-71,-95,-130,-181,1650769559,14
2130932,-25,-32,-44,-60,-85,-120,-171,1650769541,25
11294827,18,10,-1,-17,-41,-76,-128,1650769541,69
8988140,-32,-39,-51,-67,-91,-126,-178,1650769538,19
10756048,-10,-17,-29,-45,-69,-105,-156,1650769538,40
9930327,-7,-14,-26,-42,-66,-101,-153,1650769526,44
10162988,-15,-22,-34,-51,-75,-109,-161,1650769772,35
7292637,-27,-34,-46,-62,-86,-121,-172,1650769769,23
3677188,-18,-25,-37,-54,-78,-113,-165,1650769769,32
11085173,-8,-15,-27,-43,-68,-103,-154,1650769769,42
9357131,81,74,62,46,22,-12,-63,1650769757,132
8319760,-36,-43,-55,-71,-95,-130,-181,1650769757,14
6648629,-33,-40,-52,-69,-93,-128,-180,1650769757,17
9696166,-27,-34,-46,-62,-86,-121,-172,1650769739,23
9933821,-36,-43,-55,-72,-96,-131,-182,1650769724,14
721037,-36,-43,-55,-72,-96,-131,-183,1650769724,14
1881275,-36,-43,-55,-71,-95,-130,-181,1650769724,14
6737076,-36,-43,-55,-71,-95,-130,-181,1650769706,14
4969367,-21,-28,-40,-56,-80,-115,-166,1650769706,29
5045554,-35,-43,-54,-71,-95,-130,-181,1650769703,15
4220020,-7,-14,-26,-42,-66,-101,-153,1650769703,44
11306682,50,43,31,15,-8,-43,-95,1650769703,102
11069169,25,18,6,-9,-33,-68,-119,1650769703,76
1779225,-33,-40,-52,-68,-92,-127,-178,1650769691,17
4954781,-37,-44,-56,-72,-96,-131,-182,1650769679,13
6891987,-36,-43,-55,-71,-96,-131,-182,1650769673,14
8125326,-35,-42,-54,-71,-95,-130,-181,1650769955,15
4095312,-33,-40,-52,-69,-93,-127,-179,1650769955,17
3163056,-30,-37,-49,-66,-90,-125,-176,1650769955,20
9665607,-33,-40,-52,-69,-93,-128,-179,1650769937,17
8092228,-34,-42,-53,-70,-94,-129,-181,1650769937,16
7533809,-12,-19,-31,-48,-72,-106,-158,1650769934,38
6297214,-36,-43,-54,-71,-95,-130,-181,1650769934,14
10312931,-20,-27,-39,-55,-79,-114,-165,1650769934,30
10818574,-2,-9,-21,-37,-61,-96,-147,1650769928,48
6133129,-24,-32,-43,-60,-84,-119,-171,1650769925,26
7897425,-36,-43,-55,-72,-96,-131,-183,1650769922,14
7666152,-30,-37,-49,-66,-90,-125,-176,1650769922,20
10280990,-2,-9,-21,-37,-61,-96,-147,1650769916,48
5753038,-36,-43,-55,-71,-95,-130,-181,1650769904,14
10182725,-2,-9,-21,-37,-61,-96,-147,1650769904,48
8401070,-30,-37,-49,-65,-89,-124,-175,1650769901,20
4309724,-33,-41,-52,-69,-93,-128,-179,1650769901,17
9183309,-4,-11,-22,-39,-63,-98,-150,1650769892,47
10427669,-15,-22,-34,-50,-74,-109,-160,1650769889,35
9384050,-3,-10,-22,-39,-63,-98,-149,1650769871,47
6906681,-3,-10,-22,-39,-63,-98,-149,1650770141,47
10999656,82,75,63,47,23,-12,-63,1650770132,133
9318484,-9,-17,-28,-45,-69,-104,-156,1650770102,41
2661800,-30,-37,-49,-65,-89,-124,-175,1650770102,20
9353855,-23,-30,-42,-59,-83,-118,-169,1650770099,27
1830228,-36,-43,-55,-71,-95,-130,-181,1650770099,14
1367670,-33,-40,-52,-68,-92,-127,-178,1650770099,17
10272049,-21,-28,-40,-56,-80,-115,-166,1650770099,29
2657435,-15,-22,-34,-51,-75,-110,-162,1650770087,35
764384,-15,-22,-34,-50,-74,-109,-160,1650770075,35
7476569,-33,-40,-52,-69,-93,-128,-180,1650770066,17
4653253,-36,-43,-55,-72,-96,-131,-182,1650770066,14
10140242,-20,-27,-38,-55,-79,-114,-165,1650770054,30
3317799,-48,-55,-66,-83,-107,-142,-193,1650770039,2
5859559,-36,-43,-55,-71,-95,-130,-181,1650770021,14
11301764,37,30,18,2,-21,-56,-107,1650770021,88
10634198,0,-8,-19,-36,-60,-95,-146,1650770012,50
3887945,-33,-40,-52,-68,-92,-127,-178,1650770003,17
11246241,57,49,38,21,-2,-37,-88,1650770003,107
11242196,-18,-25,-37,-53,-77,-112,-163,1650770003,32
8446183,-36,-43,-55,-71,-95,-130,-181,1650770321,14
1377954,-36,-43,-55,-72,-96,-131,-182,1650770312,14
1197296,-36,-43,-55,-72,-96,-131,-182,1650770303,14
7327860,-35,-42,-54,-71,-95,-129,-181,1650770297,15
629527,-30,-37,-49,-65,-89,-124,-175,1650770285,20
5548653,-34,-42,-53,-70,-94,-129,-181,1650770285,16
3109127,-30,-38,-49,-66,-90,-125,-176,1650770285,20
10634677,-36,-43,-55,-72,-96,-130,-182,1650770285,14
6094669,-37,-45,-56,-73,-97,-132,-184,1650770273,13
2334607,-39,-46,-58,-74,-99,-134,-185,1650770273,11
8692322,-18,-25,-37,-53,-77,-112,-163,1650770267,32
3983196,-24,-31,-43,-59,-83,-118,-169,1650770267,26
10117794,13,6,-5,-21,-45,-80,-131,1650770264,64
9000079,-24,-32,-43,-60,-84,-119,-171,1650770252,26
8997352,-18,-25,-37,-53,-77,-112,-163,1650770252,32
5347126,-27,-34,-46,-63,-87,-122,-173,1650770252,23
9015295,-18,-25,-37,-54,-78,-113,-165,1650770240,32
8291203,-23,-30,-42,-58,-83,-118,-169,1650770234,27
369908,-36,-43,-55,-72,-96,-131,-182,1650770234,14
9476694,-34,-42,-53,-70,-94,-129,-181,1650770231,16
6107330,-35,-42,-54,-71,-95,-130,-181,1650770498,15
4596580,-35,-42,-54,-70,-95,-130,-181,1650770498,15
788604,-33,-40,-52,-69,-93,-128,-179,1650770495,17
1285908,-35,-42,-54,-70,-94,-129,-181,1650770495,16
10904980,-8,-15,-27,-43,-68,-103,-154,1650770495,42
4047172,-36,-43,-55,-72,-96,-131,-182,1650770486,14
2857077,-34,-42,-53,-70,-94,-129,-181,1650770483,16
1272046,-24,-31,-43,-60,-84,-119,-170,1650770471,26
9560802,-15,-22,-34,-51,-75,-110,-162,1650770465,35
8891737,-9,-16,-28,-45,-69,-104,-156,1650770465,41
2966356,-34,-42,-53,-70,-94,-129,-181,1650770465,16
2212947,-21,-28,-40,-57,-81,-116,-167,1650770465,29
9532161,-36,-43,-55,-72,-96,-131,-182,1650770462,14
6751382,-39,-46,-58,-74,-99,-134,-185,1650770453,11
4939641,-15,-22,-34,-51,-75,-110,-162,1650770450,35
10016664,-33,-40,-52,-69,-93,-128,-179,1650770450,17
5464486,-15,-22,-34,-51,-75,-110,-162,1650770438,35
8553458,-15,-22,-34,-51,-75,-110,-162,1650770432,35
7057105,-35,-42,-54,-71,-95,-130,-182,1650770432,15
10244201,-14,-21,-33,-50,-74,-109,-160,1650770432,36
7519721,-19,-26,-38,-55,-79,-114,-166,1650770663,31
11251674,66,59,47,31,7,-28,-79,1650770663,117
6339213,-36,-43,-55,-71,-95,-131,-182,1650770648,14
4115359,-36,-43,-55,-72,-96,-131,-182,1650770648,14
1315461,-35,-42,-54,-70,-95,-130,-181,1650770630,15
8989298,-21,-29,-40,-57,-81,-117,-169,1650770627,29
7620035,-36,-43,-55,-72,-96,-132,-183,1650770603,14
6382365,-37,-44,-56,-73,-97,-132,-184,1650770603,13
11126532,-10,-17,-29,-46,-70,-105,-156,1650770597,40
7721867,-34,-41,-53,-69,-93,-129,-180,1650770594,16
4867882,-36,-43,-55,-71,-95,-130,-182,1650770594,15
3231259,-36,-43,-55,-72,-96,-131,-182,1650770594,14
2711319,-27,-34,-46,-63,-87,-123,-174,1650770594,23
9961525,28,21,9,-7,-31,-66,-118,1650770582,79
106533,-33,-40,-52,-69,-93,-128,-179,1650770582,17
683031,-36,-43,-55,-72,-96,-131,-182,1650770564,14
11295720,50,43,31,14,-9,-44,-95,1650770561,101
5683424,-32,-39,-51,-67,-91,-127,-178,1650770549,18
5149841,-36,-43,-55,-71,-95,-130,-182,1650770549,15
9787760,-36,-43,-55,-72,-96,-131,-183,1650770531,14
8213798,-15,-22,-34,-51,-75,-110,-162,1650770858,35
653890,-34,-42,-53,-70,-94,-129,-181,1650770858,16
4874767,-7,-14,-26,-42,-67,-102,-154,1650770858,44
3585191,-23,-30,-42,-58,-82,-117,-169,1650770849,28
6060570,-6,-13,-25,-42,-66,-101,-153,1650770846,44
3360881,-30,-37,-49,-66,-90,-126,-177,1650770846,20
10118872,-35,-42,-54,-71,-95,-130,-182,1650770846,15
9935019,-24,-31,-43,-60,-84,-119,-170,1650770828,26
1603470,-36,-43,-55,-72,-96,-131,-183,1650770828,14
8719879,-33,-40,-52,-69,-93,-128,-179,1650770825,17
10266261,-32,-39,-51,-67,-92,-127,-178,1650770825,18
8289454,-36,-43,-55,-72,-96,-132,-183,1650770813,14
4653304,-37,-44,-56,-72,-97,-132,-184,1650770813,14
5104393,-24,-31,-43,-60,-84,-120,-171,1650770792,26
254014,-35,-42,-54,-70,-95,-130,-182,1650770792,16
9031842,-16,-23,-35,-52,-76,-111,-163,1650770780,34
4437870,-34,-41,-53,-70,-94,-129,-181,1650770780,17
2909817,-36,-43,-55,-71,-96,-131,-183,1650770780,15
10298247,-33,-40,-52,-69,-93,-129,-180,1650770780,17
8779766,-33,-40,-52,-69,-93,-129,-180,1650770762,17
6506339,-28,-35,-47,-64,-88,-123,-174,1650771044,22
10976986,-24,-31,-43,-60,-84,-119,-170,1650771044,26
8799436,-36,-43,-55,-71,-95,-130,-182,1650771026,15
5888427,-33,-40,-52,-69,-93,-128,-179,1650771026,17
2472098,-36,-43,-55,-72,-96,-131,-183,1650771023,15
10992456,11,4,-7,-23,-48,-83,-135,1650771011,63
1271143,-25,-32,-44,-61,-85,-120,-172,1650770993,26
8975000,-36,-43,-55,-71,-95,-130,-182,1650770990,15
10419713,-33,-40,-52,-69,-93,-129,-180,1650770990,17
10791292,-30,-37,-49,-66,-90,-126,-177,1650770978,20
8992767,-18,-26,-37,-54,-78,-114,-166,1650770966,32
5636825,4,-2,-14,-31,-55,-90,-142,1650770960,56
2646122,-29,-37,-49,-65,-90,-125,-177,1650770960,21
9860645,-34,-42,-53,-70,-94,-129,-181,1650770957,16
7016476,9,2,-9,-26,-50,-85,-136,1650770945,60
4484428,-36,-43,-55,-71,-95,-130,-182,1650770945,15
7562306,-33,-40,-52,-69,-93,-128,-180,1650770927,17
4322609,-15,-22,-34,-51,-75,-110,-162,1650770927,35
405971,-35,-42,-54,-70,-94,-129,-181,1650770927,16
6689686,-23,-30,-42,-58,-83,-118,-169,1650770912,27
726471,-35,-42,-54,-71,-95,-130,-182,1650771224,15
6808754,-27,-34,-46,-63,-87,-122,-173,1650771224,23
4710549,-35,-42,-54,-70,-94,-129,-181,1650771224,16
5958202,-27,-34,-46,-63,-87,-122,-174,1650771191,23
4498752,-21,-28,-40,-57,-81,-117,-168,1650771191,29
5131566,-21,-28,-40,-57,-81,-116,-168,1650771188,29
4695196,-33,-40,-52,-69,-93,-128,-179,1650771188,17
11068486,-15,-22,-34,-51,-75,-110,-161,1650771176,35
554435,-35,-43,-54,-71,-95,-130,-182,1650771155,15
2209579,-36,-43,-55,-71,-96,-131,-183,1650771155,15
7501201,9,2,-9,-26,-50,-86,-137,1650771143,60
6610692,-35,-42,-54,-70,-94,-129,-181,1650771143,16
5112577,-38,-45,-57,-73,-98,-133,-185,1650771143,13
11010770,-1,-8,-20,-36,-61,-96,-148,1650771143,50
5476034,-34,-42,-53,-70,-94,-130,-182,1650771125,16
8699736,-37,-44,-56,-72,-97,-132,-184,1650771122,14
8064517,-33,-40,-52,-69,-93,-129,-180,1650771110,17
5086992,-23,-30,-42,-58,-82,-117,-169,1650771110,28
4622257,-33,-40,-52,-68,-92,-128,-179,1650771110,18
245399,-35,-42,-54,-70,-95,-130,-181,1650771110,15
8677108,2,-5,-17,-33,-58,-93,-145,1650771419,53
11302694,0,-6,-18,-35,-59,-94,-146,1650771401,51
5396887,-30,-37,-49,-66,-90,-126,-177,1650771398,20
7334271,-36,-44,-55,-72,-96,-132,-184,1650771395,14
7094460,-37,-44,-55,-72,-96,-131,-183,1650771392,14
622827,-13,-20,-32,-49,-73,-108,-160,1650771392,37
4936461,-36,-43,-55,-71,-96,-131,-182,1650771392,14
9796251,0,-6,-18,-35,-59,-94,-145,1650771383,51
10818838,-36,-43,-55,-71,-96,-131,-182,1650771374,14
9796160,0,-6,-18,-35,-59,-94,-145,1650771359,51
9233324,-20,-27,-39,-56,-80,-115,-167,1650771359,30
515319,-31,-38,-50,-67,-91,-126,-178,1650771359,20
2777082,-39,-46,-58,-74,-99,-134,-185,1650771359,11
10241945,-1,-8,-20,-36,-61,-96,-148,1650771347,50
2444053,-33,-40,-52,-69,-93,-128,-180,1650771341,18
8235222,-30,-37,-49,-66,-90,-125,-176,1650771338,20
11298251,-36,-43,-55,-71,-96,-131,-182,1650771338,14
9607255,0,-8,-19,-36,-60,-95,-147,1650771335,50
10515285,-5,-12,-24,-40,-65,-100,-151,1650771326,45
10765375,-1,-8,-20,-36,-61,-96,-148,1650771320,50
9111471,-33,-40,-52,-69,-93,-128,-179,1650771611,17
7793376,-35,-42,-54,-70,-95,-130,-182,1650771605,16
7317574,-21,-28,-40,-57,-81,-116,-167,1650771605,29
10644520,-6,-13,-25,-42,-66,-101,-153,1650771605,44
1882364,-30,-37,-49,-65,-90,-125,-176,1650771602,20
3158248,-30,-37,-49,-66,-90,-125,-176,1650771590,20
8249083,-36,-43,-55,-71,-96,-131,-182,1650771584,14
8003765,-28,-35,-47,-63,-88,-123,-174,1650771572,22
1441239,-21,-28,-40,-57,-81,-116,-167,1650771572,29
9129609,10,3,-8,-25,-49,-84,-136,1650771563,62
11126518,-10,-17,-29,-46,-70,-105,-156,1650771563,40
4066236,-39,-46,-58,-74,-99,-134,-185,1650771560,11
9827389,-32,-39,-51,-67,-92,-127,-179,1650771557,19
8756320,-24,-31,-43,-60,-84,-119,-170,1650771557,26
10371883,-15,-22,-34,-51,-75,-110,-161,1650771548,35
5330266,-20,-27,-39,-56,-80,-115,-166,1650771536,30
10062831,-23,-30,-42,-59,-83,-118,-170,1650771521,27
9470115,-6,-13,-25,-42,-66,-101,-153,1650771506,44
7397113,-35,-42,-54,-71,-95,-130,-182,1650771506,15
329836,-30,-37,-49,-66,-90,-125,-176,1650771506,20
11059778,-24,-31,-43,-60,-84,-119,-170,1650771770,26
2946308,-34,-41,-53,-69,-93,-128,-180,1650771767,17
8775049,-36,-43,-55,-71,-96,-131,-182,1650771758,14
9585358,-14,-21,-33,-49,-74,-109,-160,1650771755,36
7894801,-32,-39,-51,-67,-91,-126,-178,1650771755,19
5864972,-35,-42,-54,-70,-94,-129,-181,1650771755,16
6932508,-30,-37,-49,-66,-90,-125,-176,1650771749,20
10352865,-15,-22,-34,-51,-75,-110,-161,1650771737,35
1999951,-18,-25,-37,-54,-78,-113,-164,1650771734,32
11222675,-27,-34,-46,-63,-87,-122,-173,1650771734,23
8409801,-33,-40,-52,-68,-93,-128,-180,1650771722,18
7086344,-15,-22,-34,-51,-75,-110,-161,1650771722,35
629527,-34,-41,-53,-70,-94,-129,-181,1650771722,16
3898190,-37,-44,-56,-73,-97,-132,-184,1650771722,13
225389,-15,-22,-34,-51,-75,-110,-161,1650771722,35
9272094,-15,-22,-34,-51,-75,-110,-161,1650771710,35
6967983,-22,-29,-41,-58,-82,-117,-168,1650771704,28
1784280,139,132,120,104,79,44,-7,1650771704,191
1268693,-36,-43,-55,-72,-96,-131,-183,1650771704,14
9715592,-33,-40,-52,-69,-93,-128,-179,1650771701,17
8390192,-36,-43,-55,-71,-96,-131,-182,1650771968,14
933477,-37,-44,-56,-72,-97,-132,-183,1650771953,13
800776,-37,-44,-56,-72,-96,-131,-183,1650771953,14
4779171,-27,-34,-46,-63,-87,-122,-173,1650771953,23
4722278,-22,-29,-41,-58,-82,-117,-169,1650771953,28
3959657,-34,-41,-53,-69,-94,-129,-180,1650771953,16
298279,-11,-18,-30,-46,-71,-106,-157,1650771953,39
2968650,-26,-33,-45,-61,-86,-121,-172,1650771953,24
9209506,-12,-19,-31,-47,-72,-107,-159,1650771938,39
7841551,-27,-34,-46,-63,-87,-123,-174,1650771935,23
6822916,-36,-43,-55,-71,-96,-131,-182,1650771935,14
6538270,-14,-21,-33,-50,-74,-109,-160,1650771935,36
5689028,-9,-16,-28,-44,-69,-104,-155,1650771935,41
10312575,-36,-43,-55,-71,-96,-131,-182,1650771935,14
9579235,-12,-19,-31,-48,-72,-107,-159,1650771932,38
753784,-34,-41,-53,-70,-94,-129,-181,1650771932,17
7406784,-30,-37,-49,-66,-90,-126,-177,1650771932,20
6207363,-21,-28,-40,-57,-81,-116,-168,1650771932,30
2410501,-30,-37,-49,-66,-90,-126,-177,1650771932,20
7690712,-6,-13,-25,-41,-66,-101,-153,1650771926,45
8327223,-27,-34,-46,-63,-87,-123,-174,1650772151,23
800910,-37,-44,-56,-73,-97,-133,-184,1650772151,13
4619312,-33,-40,-52,-69,-93,-129,-180,1650772151,17
1303773,-36,-43,-55,-71,-96,-131,-182,1650772151,14
9482085,3,-3,-15,-32,-56,-91,-142,1650772145,54
9480844,-15,-22,-34,-51,-75,-110,-161,1650772139,35
11297146,155,148,136,120,95,60,9,1650772133,206
11306592,77,70,58,41,17,-18,-70,1650772130,128
728356,-35,-42,-53,-70,-94,-129,-181,1650772331,16
554364,-35,-42,-54,-70,-95,-130,-182,1650772328,16
6908555,-32,-39,-51,-67,-92,-127,-179,1650772316,19
10243112,-25,-32,-44,-60,-85,-120,-172,1650772301,26
10296981,-29,-36,-48,-64,-89,-124,-176,1650772283,22
10857468,76,68,57,40,16,-18,-70,1650772265,127
11138502,7,0,-11,-27,-51,-86,-138,1650772262,59
959045,-30,-37,-49,-66,-90,-125,-176,1650772250,20
837201,-37,-44,-55,-72,-96,-131,-183,1650772250,14
4008828,-37,-45,-56,-73,-97,-132,-184,1650772250,13
5905681,37,30,18,1,-22,-58,-109,1650772526,88
10821971,-15,-22,-34,-50,-74,-109,-161,1650772502,36
8446946,-28,-36,-47,-64,-88,-123,-175,1650772496,22
6140786,-8,-15,-27,-44,-68,-103,-154,1650772493,42
10892997,-27,-34,-46,-63,-87,-123,-174,1650772493,23
10744056,-34,-41,-53,-70,-94,-129,-181,1650772493,17
933316,-37,-44,-56,-72,-96,-132,-183,1650772481,14
7219004,-36,-43,-55,-72,-96,-131,-183,1650772481,14
10655405,-6,-13,-24,-41,-65,-100,-152,1650772481,45
9754198,-5,-12,-24,-41,-65,-100,-151,1650772469,45
9319474,-1,-8,-20,-36,-61,-96,-148,1650772463,50
10772653,-10,-17,-29,-45,-70,-105,-157,1650772463,41
2892176,152,145,133,116,92,57,5,1650772460,204
235714,-37,-44,-56,-73,-97,-132,-184,1650772460,13
7155707,-11,-18,-30,-46,-71,-106,-158,1650772451,40
5498301,-36,-44,-55,-72,-96,-132,-184,1650772451,14
6025161,-17,-24,-36,-52,-76,-112,-163,1650772448,34
9649524,-10,-18,-29,-46,-70,-105,-157,1650772439,40
674782,-9,-16,-28,-45,-69,-104,-156,1650772430,41
6078896,-35,-42,-54,-71,-95,-130,-182,1650772430,15
7583168,-32,-39,-50,-67,-91,-126,-178,1650772712,19
11288256,13,6,-5,-21,-45,-80,-132,1650772712,65
3247679,-30,-37,-49,-66,-90,-125,-176,1650772706,20
9922767,7,0,-11,-27,-51,-86,-138,1650772694,59
9866910,-37,-44,-56,-72,-96,-131,-183,1650772694,14
11246910,-33,-40,-52,-68,-93,-128,-179,1650772691,17
10830174,25,18,6,-9,-34,-69,-120,1650772691,76
4239420,-36,-44,-55,-72,-96,-132,-184,1650772682,14
303905,-27,-34,-46,-63,-87,-122,-173,1650772682,23
933502,-38,-45,-57,-74,-98,-133,-184,1650772679,12
9210207,7,0,-11,-28,-52,-87,-139,1650772661,59
4904290,-37,-44,-56,-72,-96,-131,-183,1650772661,14
11303087,25,18,6,-9,-34,-69,-120,1650772661,76
8553554,-18,-25,-37,-54,-78,-113,-164,1650772658,32
2189351,-23,-30,-42,-58,-83,-118,-169,1650772658,27
11123308,2,-5,-16,-33,-57,-92,-144,1650772658,53
10201806,-9,-17,-29,-45,-70,-105,-157,1650772655,41
10306338,-15,-22,-34,-51,-75,-110,-162,1650772649,36
409397,-36,-43,-55,-72,-96,-131,-183,1650772646,14
10185530,2,-5,-16,-33,-57,-92,-144,1650772646,53
3894528,-35,-42,-54,-71,-95,-130,-182,1650772889,15
6716499,-33,-40,-52,-69,-93,-128,-180,1650772877,17
8497853,-36,-43,-55,-72,-96,-132,-183,1650772859,14
8256939,-36,-43,-55,-72,-96,-132,-183,1650772859,14
11092400,-10,-18,-29,-46,-71,-106,-158,1650772859,40
10195470,61,54,42,25,1,-33,-84,1650772859,112
9800962,-39,-46,-58,-74,-99,-134,-185,1650772844,11
5724778,-19,-26,-38,-55,-79,-114,-166,1650772844,31
11179399,73,65,54,37,13,-21,-73,1650772844,124
6464897,-36,-43,-55,-71,-96,-131,-182,1650772832,14
7530747,-31,-38,-50,-66,-91,-126,-177,1650772823,19
3293458,-33,-40,-52,-69,-93,-128,-179,1650772823,17
11258408,61,53,42,25,0,-34,-86,1650772823,112
987221,-36,-43,-55,-71,-96,-131,-182,1650772814,14
9050155,-15,-23,-34,-51,-76,-111,-163,1650772811,35
816158,-37,-44,-56,-72,-97,-132,-184,1650772811,14
5216863,-36,-43,-55,-71,-96,-131,-182,1650772805,14
8413162,-8,-15,-27,-44,-68,-104,-155,1650772793,42
4022014,-36,-43,-55,-72,-96,-132,-183,1650772793,14
11100209,10,3,-8,-24,-48,-83,-135,1650772793,62
10247615,-36,-43,-55,-72,-96,-132,-183,1650773060,14
10533786,-28,-36,-48,-64,-89,-124,-176,1650773057,22
1055927,-36,-43,-55,-72,-96,-132,-183,1650773051,14
664882,-35,-42,-54,-70,-95,-130,-182,1650773042,16
10648352,-15,-23,-35,-51,-76,-111,-163,1650773039,35
3335323,-36,-43,-55,-72,-96,-132,-183,1650773030,14
7032050,-36,-44,-56,-72,-97,-132,-184,1650773021,14
7058672,-21,-28,-40,-57,-81,-116,-167,1650773009,29
11275178,19,12,0,-16,-40,-75,-127,1650772994,71
4454819,7,0,-11,-27,-51,-86,-138,1650773258,59
7179712,-31,-38,-50,-66,-90,-126,-177,1650773240,20
10032902,-22,-29,-41,-58,-82,-118,-170,1650773207,28
9730143,-15,-22,-34,-51,-75,-110,-162,1650773204,36
6348107,-26,-33,-45,-62,-86,-122,-173,1650773204,24
225762,-38,-45,-56,-73,-97,-132,-184,1650773204,13
680419,-36,-43,-55,-71,-96,-131,-182,1650773192,14
182772,-37,-44,-56,-72,-97,-132,-183,1650773180,13
4801001,-33,-40,-52,-69,-93,-128,-179,1650773174,17
10238977,-5,-12,-24,-41,-65,-101,-152,1650773174,45
1729945,-24,-31,-43,-60,-84,-120,-171,1650773171,26
9948438,-32,-39,-51,-68,-92,-127,-178,1650773159,18
11002679,-3,-11,-22,-39,-63,-98,-150,1650773159,47
8397842,-32,-39,-50,-67,-91,-126,-178,1650773141,19
6837464,-24,-31,-43,-60,-84,-119,-170,1650773141,26
6761452,-35,-42,-54,-71,-95,-130,-182,1650773141,16
11301815,37,30,18,1,-22,-58,-109,1650773141,88
555113,-35,-42,-54,-71,-95,-131,-182,1650773138,15
237781,-38,-45,-57,-73,-97,-132,-184,1650773129,13
8084932,-22,-29,-41,-57,-81,-117,-168,1650773126,29
10009915,-29,-36,-47,-64,-88,-123,-175,1650773444,22
8621801,-24,-31,-43,-60,-84,-119,-170,1650773438,26
7217694,-14,-21,-33,-49,-74,-109,-160,1650773435,36
4204173,-27,-34,-46,-63,-87,-122,-173,1650773435,23
1635107,-33,-40,-52,-69,-93,-128,-179,1650773435,17
9356668,-32,-39,-51,-68,-92,-128,-179,1650773423,18
7146810,-33,-40,-52,-69,-93,-129,-180,1650773423,17
5744865,-36,-43,-55,-72,-96,-131,-183,1650773420,14
9870592,22,15,3,-12,-37,-72,-124,1650773405,74
564062,-37,-44,-56,-73,-97,-132,-183,1650773405,13
3894362,-21,-28,-40,-57,-81,-117,-168,1650773402,29
7141908,-33,-40,-52,-69,-93,-129,-180,1650773390,17
8864502,-36,-43,-55,-72,-96,-131,-183,1650773375,14
8113443,-33,-40,-52,-69,-93,-129,-180,1650773372,17
8008128,-15,-22,-34,-51,-75,-110,-161,1650773372,35
7684720,-18,-25,-37,-54,-78,-113,-164,1650773372,32
3646010,-35,-42,-54,-71,-95,-130,-182,1650773372,15
11285987,13,6,-5,-21,-45,-80,-132,1650773372,65
80096,-38,-45,-57,-73,-97,-132,-184,1650773369,13
7781208,-32,-39,-51,-67,-92,-127,-178,1650773351,18
9085502,-32,-39,-51,-67,-92,-127,-178,1650773603,18
6600983,-37,-44,-56,-72,-97,-132,-183,1650773600,13
5317569,-30,-37,-49,-66,-90,-126,-177,1650773600,20
9371428,-28,-36,-47,-64,-88,-123,-175,1650773591,22
9292195,-15,-23,-34,-51,-75,-111,-163,1650773588,35
1417891,-15,-22,-34,-51,-75,-110,-161,1650773588,35
10272503,-36,-43,-55,-72,-96,-131,-183,1650773570,14
1013738,2,-5,-16,-33,-57,-92,-144,1650773570,53
197911,-38,-46,-58,-74,-99,-134,-186,1650773567,12
898972,-37,-44,-55,-72,-96,-131,-183,1650773555,14
7679198,9,2,-9,-26,-50,-85,-136,1650773555,60
6021335,-33,-40,-52,-69,-93,-128,-180,1650773555,18
244226,-39,-46,-58,-75,-99,-134,-186,1650773525,11
10976058,3,-3,-15,-32,-56,-91,-143,1650773522,55
4024109,-36,-43,-55,-72,-96,-131,-182,1650773504,14
845992,-32,-39,-51,-67,-92,-127,-179,1650773501,19
255911,-34,-41,-53,-69,-94,-129,-181,1650773501,17
10843640,37,30,18,1,-22,-58,-109,1650773501,88
5480269,-36,-43,-55,-72,-96,-132,-183,1650773492,14
1955046,-27,-34,-46,-63,-87,-123,-174,1650773492,23
10020595,-24,-31,-43,-60,-84,-119,-170,1650773801,26
951177,-37,-44,-56,-72,-97,-132,-184,1650773798,14
8257078,-19,-26,-38,-54,-79,-114,-166,1650773798,32
1078941,-32,-39,-51,-68,-92,-127,-178,1650773798,18
983996,-37,-45,-56,-73,-97,-132,-184,1650773789,13
9725490,-11,-18,-30,-46,-71,-106,-157,1650773786,39
5123465,-37,-44,-56,-73,-97,-133,-184,1650773786,13
10997596,37,30,18,1,-22,-58,-109,1650773786,88
9044211,-30,-37,-49,-66,-90,-125,-177,1650773768,20
7856113,-39,-46,-58,-74,-99,-134,-185,1650773768,11
3918521,-32,-39,-51,-68,-92,-127,-179,1650773768,19
2941308,-36,-43,-55,-72,-96,-131,-183,1650773768,14
11154023,24,17,5,-11,-35,-70,-122,1650773768,75
10864891,-26,-33,-45,-61,-85,-121,-172,1650773768,25
11057536,13,6,-5,-21,-45,-80,-132,1650773765,65
9821087,8,0,-10,-27,-51,-86,-138,1650773753,59
2683871,-18,-25,-37,-53,-78,-113,-164,1650773753,32
7203391,-39,-46,-58,-74,-99,-134,-185,1650773750,11
8613437,-18,-25,-37,-54,-78,-113,-164,1650773735,32
1704279,-32,-39,-50,-67,-91,-126,-178,1650773735,19
3362569,-35,-42,-54,-70,-95,-130,-182,1650773972,16
6620814,-37,-44,-56,-72,-96,-131,-183,1650773963,14
10568198,31,24,12,-3,-28,-63,-114,1650773963,82
1520660,-26,-33,-45,-61,-85,-120,-172,1650773951,25
10937782,0,-6,-18,-35,-59,-94,-145,1650773951,51
10917905,-35,-42,-54,-70,-94,-130,-181,1650773951,16
4045374,21,14,2,-14,-38,-73,-125,1650773930,72
3160463,28,21,9,-6,-31,-66,-117,1650773930,79
783520,-32,-39,-51,-68,-92,-127,-178,1650773918,18
816298,-37,-44,-55,-72,-96,-131,-183,1650773900,14
7505706,-27,-34,-46,-63,-87,-122,-173,1650773900,23
11273785,-24,-31,-43,-60,-84,-119,-170,1650773885,26
6798347,-29,-36,-48,-64,-89,-124,-175,1650773867,21
5939375,-36,-43,-55,-71,-96,-131,-182,1650773864,14
11101368,28,21,9,-6,-31,-66,-117,1650773861,79
9909372,-21,-28,-40,-57,-81,-116,-167,1650773852,29
3714861,-23,-30,-42,-58,-83,-118,-170,1650773852,28
425416,-35,-42,-54,-71,-95,-130,-182,1650773834,16
3984266,-36,-43,-55,-72,-96,-131,-183,1650773834,14
8351644,-36,-44,-55,-72,-96,-132,-184,1650773831,14
11278516,132,125,113,96,72,37,-14,1650774152,183
9766020,-33,-40,-52,-69,-93,-128,-179,1650774149,17
8249083,-33,-41,-52,-69,-93,-128,-180,1650774149,17
3226798,-33,-40,-52,-69,-93,-128,-179,1650774149,17
1045555,-32,-39,-50,-67,-91,-126,-178,1650774134,19
3623189,-23,-30,-42,-59,-83,-118,-170,1650774131,27
2361744,-17,-24,-36,-52,-77,-112,-163,1650774131,33
11228324,70,63,51,35,10,-24,-75,1650774131,121
7907058,-20,-27,-39,-56,-80,-115,-167,1650774128,31
2874242,-35,-42,-54,-70,-95,-130,-182,1650774128,16
11279040,55,48,36,19,-4,-40,-92,1650774128,106
7926657,-36,-43,-55,-72,-96,-131,-183,1650774098,14
1342246,-34,-42,-53,-70,-94,-129,-181,1650774095,16
837160,-37,-44,-56,-72,-97,-132,-184,1650774083,14
8273242,-30,-37,-49,-66,-90,-126,-177,1650774083,20
4734589,-27,-34,-46,-63,-87,-122,-173,1650774083,23
2459121,-35,-42,-54,-70,-95,-130,-182,1650774083,16
11224512,-33,-40,-52,-69,-93,-129,-180,1650774083,17
11221188,-27,-34,-46,-63,-87,-123,-174,1650774083,23
7239032,8,0,-11,-27,-51,-86,-138,1650774074,59
6511776,-36,-43,-55,-71,-96,-131,-182,1650774329,14
992652,-35,-42,-54,-71,-95,-130,-181,1650774314,15
4610555,-23,-30,-42,-58,-82,-117,-169,1650774314,28
10622476,-21,-28,-40,-57,-81,-116,-167,1650774314,29
10351910,-30,-37,-49,-66,-90,-125,-176,1650774314,20
5216913,-36,-43,-55,-71,-96,-131,-182,1650774308,14
3802236,-36,-43,-55,-71,-96,-131,-182,1650774296,14
8991951,-21,-28,-40,-57,-81,-116,-167,1650774293,29
7548355,-35,-42,-54,-70,-94,-129,-181,1650774281,16
3746147,-32,-39,-51,-68,-92,-127,-178,1650774281,18
2391604,-15,-22,-34,-51,-75,-110,-161,1650774281,35
10170150,-33,-40,-52,-69,-93,-128,-179,1650774281,17
4037008,-36,-44,-55,-72,-96,-131,-183,1650774266,14
824872,-34,-42,-53,-70,-94,-129,-181,1650774263,16
11011872,-11,-18,-30,-47,-71,-106,-157,1650774263,39
974765,-39,-46,-58,-74,-99,-134,-185,1650774251,11
6876082,-33,-40,-52,-69,-93,-128,-179,1650774251,17
4932006,-33,-41,-52,-69,-93,-128,-180,1650774248,17
11038878,43,36,24,8,-16,-51,-102,1650774248,94
5689856,-36,-43,-55,-71,-96,-131,-182,1650774245,14
8286789,-15,-22,-34,-51,-75,-110,-161,1650774512,35
2630547,-36,-44,-55,-72,-96,-131,-183,1650774512,14
7193989,-27,-34,-46,-63,-87,-122,-173,1650774494,23
2084331,-32,-39,-51,-67,-92,-127,-178,1650774494,18
9281689,-4,-11,-23,-40,-64,-99,-150,1650774491,46
7066977,-35,-43,-54,-71,-95,-131,-183,1650774491,15
6707815,-35,-43,-54,-71,-95,-131,-183,1650774491,15
8216122,-30,-37,-49,-66,-90,-126,-177,1650774488,20
6386509,-34,-41,-53,-70,-94,-129,-180,1650774479,16
4128354,-33,-40,-52,-69,-93,-129,-180,1650774479,17
4078838,-35,-42,-54,-71,-95,-130,-182,1650774479,16
11306696,110,103,91,74,50,15,-36,1650774479,161
8550250,13,6,-5,-22,-46,-81,-133,1650774461,65
8369871,-34,-41,-53,-70,-94,-129,-181,1650774461,17
2332920,-24,-31,-43,-60,-84,-119,-170,1650774461,26
1377954,-35,-42,-54,-70,-94,-129,-181,1650774446,16
11252410,-9,-17,-29,-45,-70,-105,-157,1650774446,41
10227683,-30,-37,-49,-66,-90,-125,-176,1650774446,20
11305067,44,37,25,8,-15,-51,-103,1650774425,95
8526583,-36,-43,-55,-71,-96,-131,-182,1650774416,14
8943239,5,-2,-13,-30,-54,-89,-141,1650774677,56
8842559,-21,-28,-40,-57,-81,-116,-167,1650774656,29
3897058,-26,-33,-45,-61,-86,-121,-172,1650774656,24
11283134,96,89,77,61,37,2,-49,1650774656,147
4900179,-24,-31,-43,-60,-84,-119,-170,1650774644,26
8346477,-27,-34,-46,-63,-87,-122,-173,1650774623,23
837181,-36,-44,-55,-72,-96,-131,-183,1650774611,14
11253734,138,131,119,102,78,43,-8,1650774611,189
9435674,5,-1,-13,-30,-54,-89,-141,1650774605,56
4553648,-27,-34,-46,-63,-87,-122,-173,1650774581,23
91339,-33,-40,-52,-69,-93,-128,-179,1650774578,17
7460263,-36,-43,-55,-72,-96,-131,-183,1650774578,14
10967877,-35,-42,-54,-71,-95,-130,-181,1650774578,15
828388,-36,-43,-55,-71,-96,-131,-182,1650774575,14
11111754,52,45,33,16,-7,-42,-93,1650774563,103
3812509,-36,-43,-55,-71,-96,-131,-182,1650774560,14
3575392,22,15,3,-12,-36,-72,-123,1650774560,73
1123809,-15,-22,-34,-51,-75,-110,-161,1650774554,35
5487596,-35,-42,-54,-70,-95,-130,-182,1650774539,16
7242864,-31,-38,-50,-67,-91,-126,-178,1650774533,20
273948,-34,-41,-53,-69,-94,-129,-181,1650774854,17
1268693,-34,-42,-53,-70,-94,-129,-181,1650774854,16
7532942,-35,-42,-54,-71,-95,-130,-182,1650774824,15
6612576,-16,-23,-35,-52,-76,-111,-162,1650774824,34
6113809,-35,-42,-54,-70,-94,-129,-181,1650774824,16
11300412,31,24,12,-4,-28,-63,-114,1650774824,82
10517123,4,-2,-14,-31,-55,-90,-142,1650774824,56
4108805,-18,-25,-37,-54,-78,-113,-164,1650774821,32
5118678,-36,-43,-55,-71,-96,-131,-182,1650774812,14
10533435,-27,-34,-46,-63,-87,-122,-173,1650774797,23
625638,-31,-38,-50,-67,-91,-126,-177,1650774791,19
3802236,-34,-41,-53,-70,-95,-130,-182,1650774791,17
2044013,-36,-43,-55,-72,-96,-132,-184,1650774791,15
5532694,-37,-44,-56,-73,-98,-133,-185,1650774788,14
487120,-35,-43,-55,-71,-96,-131,-183,1650774788,15
4723844,-35,-42,-54,-71,-95,-131,-183,1650774788,16
610203,-37,-44,-56,-73,-97,-133,-185,1650774785,14
7372986,-35,-42,-54,-71,-95,-131,-183,1650774776,16
3279718,-32,-40,-52,-68,-93,-128,-181,1650774776,18
11303557,51,44,32,15,-8,-44,-96,1650774776,103
8468369,-26,-34,-46,-62,-87,-122,-174,1650775025,24
3907010,-33,-41,-53,-69,-94,-129,-181,1650775025,17
3194163,-28,-35,-47,-64,-89,-124,-176,1650775016,23
10250866,-33,-41,-53,-69,-94,-129,-181,1650775007,17
5769538,-36,-43,-55,-72,-97,-132,-184,1650775004,14
9849392,-30,-38,-50,-66,-91,-126,-178,1650774995,20
10027998,1,-5,-17,-34,-58,-94,-146,1650774995,53
9325447,-26,-33,-45,-62,-86,-122,-174,1650774992,25
5996766,-27,-35,-47,-63,-88,-123,-176,1650774992,23
10315808,-20,-27,-39,-56,-80,-116,-168,1650774989,31
8246609,-34,-42,-54,-70,-95,-130,-182,1650774974,16
7269603,-36,-44,-56,-72,-97,-132,-185,1650774959,14
9453107,-23,-30,-42,-59,-84,-119,-171,1650774947,27
10899181,-7,-14,-26,-43,-67,-103,-155,1650774941,44
5589479,-22,-29,-41,-58,-82,-118,-170,1650774938,29
209254,-20,-27,-39,-56,-81,-116,-168,1650774926,31
9162685,-20,-27,-39,-56,-80,-116,-168,1650774908,31
7988351,-31,-38,-50,-67,-91,-127,-179,1650774905,20
3873465,-35,-42,-54,-71,-95,-131,-183,1650774905,16
2956999,-37,-44,-56,-73,-97,-133,-185,1650774905,14
10202177,-22,-29,-41,-58,-82,-118,-170,1650775211,29
10426104,-3,-10,-22,-39,-63,-99,-151,1650775205,48
11246099,64,57,45,28,4,-31,-83,1650775202,116
10907272,-10,-17,-29,-46,-70,-106,-158,1650775202,41
1851644,-27,-35,-47,-63,-88,-123,-176,1650775193,23
2204964,-26,-33,-45,-62,-86,-122,-174,1650775190,25
11129571,40,32,20,4,-20,-56,-108,1650775190,91
5472515,-35,-42,-54,-71,-95,-131,-183,1650775181,16
10162764,-28,-36,-47,-64,-88,-124,-176,1650775172,22
3142671,-35,-42,-54,-71,-95,-130,-182,1650775169,16
9996708,-31,-38,-50,-67,-91,-126,-178,1650775157,19
5259462,-27,-34,-46,-63,-87,-123,-174,1650775151,23
5656865,-24,-31,-43,-60,-84,-120,-171,1650775145,26
6325894,-36,-43,-55,-72,-96,-131,-183,1650775139,14
11242571,-21,-29,-40,-57,-81,-117,-169,1650775139,29
11066016,96,89,77,60,36,0,-50,1650775136,147
3187249,-33,-40,-52,-69,-93,-129,-180,1650775127,17
6619986,-5,-12,-24,-41,-65,-101,-152,1650775124,45
891530,-35,-42,-54,-71,-96,-131,-183,1650775106,15
8587493,10,3,-8,-25,-49,-84,-136,1650775106,62
9968758,-23,-30,-42,-59,-83,-118,-170,1650775367,28
9152135,-36,-43,-55,-72,-97,-132,-184,1650775367,14
4121629,-25,-32,-44,-61,-85,-121,-173,1650775367,26
7426612,-39,-46,-58,-75,-100,-135,-187,1650775355,11
2350923,4,-2,-14,-31,-55,-91,-143,1650775355,55
11280559,22,15,3,-13,-38,-73,-125,1650775355,73
11062539,4,-2,-14,-31,-55,-90,-142,1650775355,56
3424287,-32,-39,-51,-68,-92,-128,-179,1650775334,18
11132868,37,29,17,1,-23,-58,-111,1650775334,88
11050183,-7,-14,-26,-43,-67,-103,-155,1650775334,44
10944050,-32,-39,-51,-68,-93,-128,-180,1650775334,18
8944090,-24,-32,-44,-60,-85,-120,-173,1650775322,26
3844534,-37,-44,-56,-73,-97,-133,-185,1650775322,14
8370189,-18,-26,-37,-54,-78,-114,-166,1650775304,32
9010683,-22,-29,-41,-58,-82,-118,-170,1650775301,29
8995469,-30,-37,-49,-66,-90,-126,-177,1650775289,20
11046567,-37,-44,-56,-73,-98,-133,-185,1650775289,13
871304,-35,-42,-54,-70,-95,-130,-182,1650775271,16
422185,-35,-42,-54,-70,-95,-130,-182,1650775271,16
5258549,-33,-40,-52,-69,-93,-129,-180,1650775268,17
7989723,-26,-33,-45,-62,-86,-121,-173,1650775535,25
3732155,-36,-43,-55,-72,-96,-131,-183,1650775535,14
5319762,-35,-42,-54,-71,-95,-131,-183,1650775532,16
4988503,-34,-41,-53,-70,-94,-129,-181,1650775532,16
9259720,-32,-39,-51,-68,-92,-127,-179,1650775520,18
7526668,3,-3,-15,-31,-56,-91,-143,1650775520,55
9885954,-21,-28,-40,-57,-81,-117,-169,1650775508,29
3950650,-36,-43,-55,-72,-96,-131,-183,1650775508,14
9180337,-15,-22,-34,-50,-75,-110,-162,1650775505,36
2018803,-27,-34,-46,-63,-87,-123,-174,1650775505,23
5385011,-36,-43,-55,-72,-96,-132,-183,1650775499,14
8366775,-21,-28,-40,-57,-81,-117,-169,1650775487,29
10847373,-35,-42,-54,-71,-95,-130,-182,1650775481,15
3004221,-33,-40,-52,-69,-93,-129,-180,1650775469,17
2238939,-33,-41,-53,-69,-94,-129,-181,1650775469,17
10278238,-1,-8,-20,-36,-61,-96,-148,1650775469,50
5723428,-26,-33,-45,-62,-86,-121,-173,1650775466,24
9206815,-18,-25,-37,-53,-78,-113,-165,1650775454,33
5897849,-34,-41,-53,-70,-94,-129,-181,1650775454,16
4474808,-37,-44,-56,-73,-97,-132,-184,1650775454,13
7513613,-33,-41,-53,-69,-94,-129,-181,1650775706,17
4879892,-38,-46,-58,-74,-99,-134,-186,1650775706,12
8725590,-36,-43,-55,-71,-96,-131,-183,1650775700,15
6000274,-35,-42,-54,-71,-95,-130,-182,1650775700,16
4962244,-33,-40,-52,-68,-93,-128,-180,1650775700,18
8274290,-36,-43,-55,-72,-96,-131,-183,1650775697,14
5899577,-36,-43,-55,-72,-96,-131,-183,1650775697,14
4124067,-36,-43,-55,-72,-96,-131,-183,1650775697,14
11214246,60,53,41,25,0,-34,-86,1650775685,112
8257662,-32,-39,-51,-67,-92,-127,-179,1650775667,19
342068,-29,-36,-48,-65,-89,-124,-176,1650775667,21
9206451,-14,-21,-33,-50,-74,-109,-161,1650775664,37
1753846,-34,-41,-53,-70,-94,-130,-181,1650775664,16
728200,-37,-44,-56,-73,-97,-133,-185,1650775652,14
10098598,0,-6,-18,-35,-59,-95,-147,1650775652,51
8292296,-14,-21,-33,-50,-74,-110,-161,1650775646,36
6624309,-20,-27,-39,-56,-80,-116,-167,1650775634,30
4702125,-35,-43,-55,-71,-96,-131,-183,1650775634,15
9570724,-32,-39,-51,-68,-92,-128,-179,1650775631,18
8097694,-32,-39,-51,-68,-93,-128,-180,1650775619,18
11306382,56,49,37,20,-3,-39,-90,1650775865,107
7189985,-33,-40,-52,-69,-93,-129,-180,1650775862,17
3173665,-35,-42,-54,-71,-95,-130,-182,1650775862,15
10914011,-23,-30,-42,-59,-83,-118,-170,1650775862,28
2153560,-36,-43,-55,-72,-96,-131,-183,1650775853,14
6678095,-32,-39,-51,-68,-92,-128,-179,1650775850,18
9469835,-27,-34,-46,-62,-87,-122,-174,1650775817,24
5627306,-33,-40,-52,-69,-94,-129,-181,1650775817,17
3105387,-32,-39,-51,-68,-93,-128,-180,1650775817,18
1654762,-26,-33,-45,-62,-86,-122,-173,1650775808,24
7178107,-32,-39,-51,-68,-92,-127,-179,1650775805,18
9835265,-35,-42,-54,-70,-95,-131,-183,1650775799,16
7136333,-33,-40,-52,-69,-93,-129,-180,1650775799,17
10641782,-25,-32,-44,-61,-85,-120,-172,1650775799,25
6985894,-36,-43,-55,-72,-96,-131,-183,1650775787,14
8801162,-36,-43,-55,-72,-96,-131,-183,1650775784,14
7808682,-33,-40,-52,-69,-93,-129,-180,1650775784,17
8118066,-33,-40,-52,-69,-93,-129,-180,1650775766,17
7486224,-21,-28,-40,-57,-81,-117,-168,1650775766,29
10881881,-30,-37,-49,-66,-90,-126,-177,1650775766,20
8354825,-38,-45,-57,-73,-98,-133,-185,1650776036,13
11201873,-33,-40,-52,-69,-93,-129,-180,1650776036,17
3890893,-30,-37,-49,-65,-90,-125,-177,1650776030,21
2843637,-30,-37,-49,-66,-90,-126,-177,1650776030,20
2350741,-36,-43,-55,-72,-96,-132,-184,1650776030,14
9666829,65,58,46,29,5,-30,-81,1650776015,116
4732514,-35,-42,-54,-71,-95,-131,-182,1650776015,15
4408138,-35,-42,-54,-70,-95,-130,-182,1650776015,16
9697731,-35,-42,-54,-70,-95,-130,-182,1650776009,16
3525751,-36,-43,-55,-72,-96,-131,-183,1650776003,14
11216991,-33,-40,-52,-69,-93,-129,-180,1650775994,17
10784100,-36,-43,-55,-72,-96,-131,-183,1650775994,14
3211628,-36,-43,-55,-72,-96,-132,-184,1650775982,14
2059323,-36,-43,-55,-72,-96,-131,-183,1650775982,14
7244769,-27,-34,-46,-63,-87,-123,-174,1650775964,23
5966054,-36,-43,-55,-72,-96,-131,-183,1650775964,14
5597484,-36,-43,-55,-72,-96,-132,-183,1650775964,14
9727481,-29,-36,-48,-65,-89,-124,-176,1650775961,21
11300853,57,49,37,21,-3,-38,-90,1650775961,108
10615170,-33,-40,-52,-68,-93,-128,-180,1650775952,18
5749372,-36,-43,-55,-72,-96,-131,-183,1650776228,14
10723046,-33,-40,-52,-69,-93,-129,-180,1650776228,17
10585648,7,0,-11,-28,-52,-87,-139,1650776228,59
10482078,-32,-39,-51,-68,-92,-127,-179,1650776228,18
10547469,13,6,-5,-22,-46,-81,-133,1650776225,64
5454708,-31,-38,-50,-67,-91,-126,-178,1650776213,20
2514220,-33,-40,-52,-69,-93,-129,-180,1650776213,17
2438626,-36,-43,-55,-72,-96,-131,-183,1650776213,14
10742650,-33,-40,-52,-69,-93,-129,-180,1650776201,17
9121036,16,8,-3,-19,-44,-79,-131,1650776192,67
8994083,-29,-36,-48,-65,-89,-124,-176,1650776192,22
7077031,-36,-43,-55,-72,-96,-131,-183,1650776192,14
9740422,-13,-20,-32,-49,-73,-108,-160,1650776180,38
11305017,113,106,94,77,53,18,-33,1650776180,164
1121003,-35,-43,-54,-71,-95,-131,-183,1650776180,15
10813655,-33,-40,-52,-69,-93,-129,-180,1650776174,17
9777561,-33,-41,-52,-69,-93,-129,-181,1650776162,17
2838762,-33,-40,-52,-69,-93,-129,-180,1650776162,17
2157644,-36,-43,-55,-72,-96,-131,-183,1650776162,14
9257778,-31,-39,-50,-67,-91,-126,-178,1650776159,19
4300185,-30,-37,-49,-66,-90,-125,-176,1650776399,20
11230537,37,30,18,1,-22,-57,-108,1650776396,88
6004054,-34,-41,-53,-70,-94,-129,-181,1650776393,16
3411405,-36,-43,-55,-72,-96,-131,-182,1650776393,14
10220666,-33,-40,-52,-69,-93,-128,-179,1650776390,17
10612846,21,14,2,-14,-38,-73,-124,1650776387,72
10313338,-31,-39,-50,-67,-91,-126,-178,1650776387,19
10186522,-33,-40,-52,-69,-93,-128,-179,1650776384,17
8821985,-39,-46,-58,-74,-99,-134,-185,1650776378,11
9488063,-20,-27,-39,-56,-80,-115,-166,1650776360,30
8076011,-34,-41,-53,-69,-94,-129,-180,1650776360,16
5811326,-35,-42,-54,-70,-95,-130,-181,1650776357,15
5339784,-35,-42,-54,-70,-95,-130,-181,1650776345,15
1669831,-30,-37,-49,-66,-90,-125,-176,1650776345,20
9402969,-29,-36,-48,-64,-89,-124,-175,1650776327,21
4241589,-7,-14,-26,-42,-67,-102,-154,1650776315,44
2671485,-36,-44,-55,-72,-96,-132,-184,1650776315,14
10842586,-18,-26,-37,-54,-78,-114,-166,1650776312,32
6658153,-18,-26,-37,-54,-78,-114,-166,1650776303,32
9158293,-18,-25,-37,-54,-78,-114,-165,1650776294,32
9849064,8,0,-11,-27,-51,-86,-138,1650776558,59
9748266,-20,-27,-39,-56,-80,-115,-166,1650776558,30
7594063,-7,-14,-26,-42,-67,-102,-154,1650776558,44
3916787,-36,-43,-55,-72,-96,-132,-183,1650776555,14
7095615,-35,-42,-54,-70,-95,-130,-182,1650776543,16
1304788,-38,-45,-57,-73,-98,-133,-185,1650776543,13
9848910,20,13,1,-14,-39,-74,-125,1650776525,71
5018642,-33,-40,-52,-69,-93,-128,-179,1650776525,17
7037341,-22,-29,-41,-58,-82,-117,-168,1650776522,28
6028363,-34,-42,-53,-70,-94,-129,-181,1650776522,16
4824281,-36,-43,-55,-72,-96,-131,-182,1650776522,14
10729519,22,15,3,-12,-37,-72,-123,1650776522,73
9906035,-33,-40,-52,-69,-93,-129,-180,1650776510,17
776830,-35,-42,-54,-71,-95,-130,-182,1650776510,15
6707752,-33,-41,-52,-69,-93,-128,-180,1650776510,17
11045304,7,0,-11,-27,-52,-87,-138,1650776504,58
5935152,-36,-43,-55,-71,-96,-131,-182,1650776498,14
4170579,-34,-42,-53,-70,-94,-129,-181,1650776498,16
3849574,-32,-39,-51,-67,-91,-127,-178,1650776492,18
10087240,-33,-40,-52,-69,-93,-128,-179,1650776492,17
403666,-6,-13,-25,-42,-66,-101,-153,1650776741,44
276646,-31,-39,-50,-67,-91,-126,-178,1650776738,19
7065313,-36,-43,-55,-71,-96,-131,-182,1650776729,14
4302772,-37,-44,-56,-73,-97,-132,-184,1650776729,13
7251290,-12,-19,-31,-48,-72,-107,-159,1650776726,38
2231564,-36,-43,-55,-72,-96,-131,-182,1650776726,14
11201255,35,28,16,0,-24,-59,-111,1650776726,86
5689856,-34,-42,-53,-70,-94,-129,-181,1650776708,16
4360235,-20,-27,-39,-56,-80,-115,-166,1650776708,30
8172986,-34,-41,-53,-69,-94,-129,-181,1650776705,17
6678063,-32,-39,-51,-68,-92,-127,-178,1650776693,18
6584588,-6,-13,-25,-42,-66,-101,-153,1650776693,44
6336644,-31,-38,-50,-67,-91,-126,-177,1650776693,19
6126978,-22,-29,-41,-58,-82,-117,-169,1650776693,28
2529572,-34,-41,-53,-70,-94,-129,-181,1650776681,16
4948138,-32,-39,-51,-67,-92,-127,-179,1650776672,19
9285095,-30,-37,-49,-66,-90,-125,-176,1650776657,20
7162689,-33,-40,-52,-69,-93,-128,-179,1650776657,17
9356240,-12,-19,-31,-48,-72,-107,-159,1650776654,38
4654587,-33,-40,-52,-69,-93,-128,-179,1650776654,17
394775,-35,-42,-54,-70,-95,-130,-182,1650776927,16
9766377,-30,-37,-49,-66,-90,-125,-176,1650776924,20
5155135,-36,-43,-55,-72,-96,-131,-182,1650776924,14
5783685,-34,-42,-53,-70,-94,-129,-181,1650776921,16
3642719,-27,-34,-46,-63,-87,-122,-173,1650776912,23
6263176,-34,-42,-53,-70,-94,-129,-181,1650776909,16
892769,-34,-41,-53,-69,-94,-129,-180,1650776906,16
4673679,-33,-40,-52,-69,-93,-129,-181,1650776903,17
10678639,18,10,-1,-17,-41,-76,-128,1650776903,69
457980,-35,-42,-54,-70,-94,-129,-181,1650776900,16
7986933,-22,-29,-41,-58,-82,-117,-169,1650776894,28
4731169,-35,-42,-54,-70,-94,-130,-181,1650776894,15
1441882,-30,-37,-49,-66,-90,-125,-176,1650776891,20
5319762,-35,-42,-54,-70,-94,-130,-181,1650776885,15
2558461,-36,-43,-55,-72,-96,-131,-182,1650776873,14
10014163,-32,-39,-51,-67,-91,-127,-178,1650776873,18
10812885,-37,-44,-56,-72,-96,-132,-183,1650776861,13
9099184,-33,-41,-53,-69,-94,-129,-181,1650776858,17
8713003,-33,-40,-52,-68,-93,-128,-179,1650776858,17
1196327,-35,-42,-54,-70,-94,-129,-181,1650776858,16
714921,-35,-42,-54,-71,-95,-130,-182,1650777113,15
11306964,53,46,34,17,-7,-42,-94,1650777101,104
10153557,-27,-34,-46,-63,-87,-123,-174,1650777101,23
5622575,-38,-45,-57,-73,-98,-133,-185,1650777092,13
1936820,-30,-37,-49,-66,-90,-126,-177,1650777089,20
1729945,-27,-34,-46,-63,-87,-123,-174,1650777089,23
10557143,-1,-8,-19,-36,-60,-95,-147,1650777089,50
8002202,-33,-40,-52,-68,-93,-128,-179,1650777080,17
9098358,-32,-39,-51,-67,-91,-127,-178,1650777071,18
1326440,-26,-33,-45,-62,-86,-121,-173,1650777062,24
8015926,-33,-40,-52,-69,-93,-129,-180,1650777056,17
626275,-35,-42,-54,-70,-95,-130,-182,1650777056,16
5754360,-33,-40,-52,-69,-93,-128,-179,1650777056,17
10614851,-32,-39,-51,-68,-92,-128,-180,1650777056,18
6486573,-35,-42,-54,-70,-95,-130,-182,1650777050,16
589348,4,-2,-14,-30,-54,-89,-141,1650777050,56
7141340,-24,-31,-43,-60,-84,-119,-170,1650777038,26
11054661,37,30,19,2,-21,-56,-108,1650777038,89
361596,-36,-43,-55,-72,-96,-131,-182,1650777035,14
9625399,19,12,0,-15,-40,-75,-126,1650777026,70
717794,-38,-45,-57,-73,-98,-133,-185,1650777275,13
6185768,-30,-38,-50,-66,-91,-126,-178,1650777269,20
3993162,-24,-31,-43,-60,-84,-119,-170,1650777269,26
8652621,-36,-43,-55,-72,-96,-131,-182,1650777254,14
8561292,0,-7,-19,-35,-60,-95,-147,1650777254,51
4629786,-25,-32,-44,-60,-85,-120,-172,1650777254,26
4073440,-36,-43,-55,-72,-96,-131,-183,1650777254,14
2927556,10,3,-8,-25,-49,-84,-136,1650777236,61
3105161,-27,-34,-46,-63,-87,-122,-173,1650777233,23
11290177,53,46,34,18,-6,-41,-92,1650777233,104
10254488,-5,-12,-24,-41,-65,-100,-151,1650777233,45
10165999,-34,-41,-53,-70,-94,-129,-180,1650777203,16
9919665,-13,-21,-32,-49,-73,-108,-160,1650777200,37
7074920,-22,-30,-41,-58,-83,-118,-170,1650777200,28
7939880,-33,-40,-52,-68,-93,-128,-179,1650777188,17
6537178,-27,-34,-46,-63,-87,-123,-174,1650777170,23
5953048,-17,-24,-36,-53,-77,-112,-163,1650777170,33
3758304,-30,-37,-49,-65,-90,-125,-176,1650777170,20
11200554,103,96,84,68,44,9,-42,1650777170,154
8987108,-21,-28,-40,-57,-81,-116,-167,1650777167,29
705077,-15,-22,-34,-51,-75,-110,-161,1650777464,35
10350552,-31,-38,-50,-67,-91,-127,-178,1650777464,19
10290310,-17,-24,-36,-53,-77,-112,-163,1650777464,33
2796434,-36,-43,-55,-72,-96,-132,-183,1650777452,14
2117729,3,-3,-15,-32,-56,-91,-143,1650777434,54
7895880,-24,-31,-43,-60,-84,-119,-170,1650777431,26
7661865,-33,-40,-52,-68,-93,-128,-179,1650777431,17
10872593,-31,-38,-50,-66,-90,-126,-177,1650777425,19
2556512,-35,-42,-54,-70,-94,-129,-181,1650777419,16
7511110,-33,-40,-52,-68,-93,-128,-179,1650777407,17
8157335,-26,-34,-45,-62,-86,-121,-173,1650777401,24
7654069,31,24,12,-4,-28,-63,-114,1650777401,82
10067684,-3,-10,-22,-38,-63,-98,-150,1650777398,48
4631271,-30,-37,-49,-66,-90,-125,-176,1650777389,20
6016122,-35,-42,-54,-71,-95,-130,-181,1650777383,15
9763720,-14,-21,-33,-49,-73,-109,-160,1650777365,36
490744,-23,-30,-42,-58,-83,-118,-169,1650777365,27
11182752,-3,-10,-22,-39,-63,-98,-150,1650777365,47
9998391,-9,-16,-28,-45,-69,-104,-156,1650777353,41
9608870,-21,-28,-40,-57,-81,-116,-167,1650777353,29
9327156,-30,-37,-49,-66,-90,-125,-176,1650777650,20
10609382,8,0,-11,-27,-51,-86,-138,1650777638,59
2447810,-21,-28,-40,-57,-81,-116,-167,1650777632,29
18668,-24,-31,-43,-60,-84,-119,-170,1650777632,26
409172,-34,-41,-53,-70,-94,-129,-180,1650777629,16
7903027,-36,-43,-55,-71,-96,-131,-182,1650777596,14
8097003,-30,-37,-49,-66,-90,-125,-176,1650777587,20
10992085,-18,-25,-37,-54,-78,-113,-164,1650777584,32
10257254,-13,-20,-32,-48,-72,-107,-159,1650777584,38
8468415,-39,-46,-58,-75,-99,-134,-186,1650777572,11
2210281,-37,-44,-56,-72,-96,-131,-183,1650777563,14
8107976,-30,-37,-49,-66,-90,-125,-176,1650777551,20
6131021,-34,-41,-53,-69,-94,-129,-181,1650777551,17
5453987,-34,-41,-53,-69,-94,-129,-180,1650777551,16
108856,-36,-44,-55,-72,-96,-131,-183,1650777551,14
2618687,-37,-44,-56,-72,-96,-131,-183,1650777545,13
11260726,2,-5,-16,-33,-57,-92,-144,1650777533,53
5066600,-25,-33,-44,-61,-85,-120,-172,1650777530,25
452116,-34,-41,-53,-69,-94,-129,-181,1650777518,17
10693238,-26,-33,-45,-62,-86,-121,-173,1650777518,24
5983296,-33,-40,-52,-68,-93,-128,-179,1650777821,17
5835328,-36,-43,-55,-71,-96,-131,-182,1650777815,14
333903,-29,-36,-48,-64,-89,-124,-175,1650777815,21
11282837,100,93,81,65,40,5,-45,1650777815,151
5340478,32,25,13,-2,-26,-62,-113,1650777797,83
9642941,-18,-25,-37,-54,-78,-113,-164,1650777794,32
3119383,-34,-41,-53,-70,-94,-129,-181,1650777794,16
1582999,-34,-41,-53,-69,-93,-128,-180,1650777794,17
10246055,-6,-14,-25,-42,-66,-101,-153,1650777785,44
11248726,23,16,4,-11,-35,-71,-122,1650777782,74
1690185,-37,-44,-56,-73,-97,-132,-184,1650777773,13
502057,-34,-41,-53,-69,-93,-129,-180,1650777764,16
1431161,-37,-44,-56,-72,-97,-132,-183,1650777761,13
1277477,-32,-39,-51,-67,-91,-126,-178,1650777761,18
1095099,-8,-15,-27,-43,-67,-102,-154,1650777761,42
11025680,-36,-43,-55,-71,-96,-131,-182,1650777758,14
6142816,-33,-40,-52,-68,-93,-128,-179,1650777740,17
5692544,-35,-42,-54,-70,-94,-129,-181,1650777731,16
8960504,-15,-22,-34,-50,-74,-109,-161,1650777728,36
7120817,-36,-43,-55,-71,-96,-131,-182,1650777728,14
6615683,-31,-38,-50,-66,-90,-125,-177,1650777995,19
11255553,56,48,37,20,-4,-39,-91,1650777992,107
11235993,37,30,18,1,-22,-57,-108,1650777992,88
1474401,-33,-40,-52,-68,-93,-128,-179,1650777980,17
10881806,15,7,-4,-20,-45,-80,-132,1650777980,66
10655728,19,12,0,-15,-39,-74,-126,1650777971,70
1588687,-36,-43,-55,-72,-96,-131,-183,1650777962,14
10588041,-26,-33,-45,-61,-86,-121,-172,1650777962,24
7765723,-33,-40,-52,-68,-93,-128,-179,1650777956,17
10725743,-12,-20,-32,-48,-73,-108,-160,1650777947,38
341092,-30,-37,-49,-66,-90,-126,-177,1650777929,20
11154107,-6,-14,-25,-42,-66,-101,-153,1650777929,44
379354,-21,-28,-40,-57,-81,-116,-167,1650777926,29
9774230,-27,-34,-46,-63,-87,-122,-173,1650777914,23
9326795,3,-3,-15,-32,-56,-92,-143,1650777914,54
11217955,-4,-11,-23,-39,-63,-99,-150,1650777899,46
4018624,-36,-43,-55,-72,-96,-131,-182,1650777896,14
564066,-36,-44,-55,-72,-96,-131,-183,1650777893,14
9410844,-12,-19,-31,-48,-72,-107,-159,1650777887,38
8415875,-34,-41,-53,-70,-94,-129,-181,1650777884,16
8652316,-12,-19,-31,-48,-72,-107,-159,1650778160,38
5734211,-33,-40,-52,-68,-93,-128,-179,1650778160,17
10860402,63,56,44,28,4,-30,-82,1650778160,114
7128520,-34,-41,-53,-69,-93,-128,-180,1650778157,17
2576107,-30,-37,-49,-66,-90,-125,-176,1650778148,20
2228015,-29,-36,-48,-65,-89,-124,-176,1650778127,21
8489061,-30,-37,-49,-66,-90,-125,-176,1650778124,20
8412784,-27,-34,-46,-62,-86,-122,-173,1650778124,23
7233145,-34,-41,-53,-70,-94,-129,-180,1650778124,16
9000829,-36,-43,-55,-72,-96,-131,-182,1650778112,14
3012115,-36,-43,-55,-72,-96,-131,-182,1650778112,14
1325316,-33,-40,-52,-69,-93,-128,-180,1650778112,17
8051708,-31,-38,-50,-67,-91,-126,-178,1650778094,20
7484542,4,-2,-14,-30,-55,-90,-141,1650778094,55
1963875,-32,-39,-51,-68,-92,-127,-179,1650778094,18
10202611,22,15,3,-12,-37,-72,-123,1650778079,73
5829134,-33,-40,-52,-69,-93,-128,-180,1650778076,17
3280791,-36,-43,-55,-72,-96,-131,-183,1650778067,14
10359368,-30,-37,-49,-66,-90,-125,-176,1650778061,20
380761,-34,-41,-53,-70,-94,-129,-180,1650778058,16
7342438,-30,-37,-49,-66,-90,-125,-176,1650778331,20
6781882,-30,-37,-49,-66,-90,-125,-177,1650778322,20
11038054,8,0,-11,-27,-51,-86,-138,1650778322,59
3931180,-36,-43,-55,-71,-96,-131,-182,1650778310,14
10763843,-20,-27,-39,-55,-79,-115,-166,1650778310,30
2314593,-36,-43,-55,-71,-96,-131,-182,1650778295,14
5523209,-18,-25,-37,-54,-78,-113,-164,1650778289,32
3070809,-33,-40,-52,-68,-93,-128,-179,1650778289,17
11062458,6,0,-12,-29,-53,-88,-140,1650778280,57
9595734,-31,-38,-50,-67,-91,-126,-178,1650778277,19
8285611,-29,-36,-48,-65,-89,-124,-176,1650778277,21
5783596,-23,-30,-42,-58,-83,-118,-170,1650778277,28
5246154,-21,-28,-40,-57,-81,-117,-168,1650778265,29
11240321,84,77,65,49,25,-10,-61,1650778259,135
9633939,-27,-34,-46,-63,-87,-122,-173,1650778256,23
4227709,-34,-41,-53,-69,-93,-129,-180,1650778244,16
2235013,-36,-43,-55,-71,-96,-131,-182,1650778244,14
11158527,-21,-28,-40,-57,-81,-116,-167,1650778244,29
10549561,-4,-11,-23,-39,-64,-99,-151,1650778244,47
10263982,6,-1,-13,-29,-54,-89,-141,1650778238,57
10936367,10,3,-8,-25,-49,-84,-136,1650778538,61
9735497,-33,-40,-52,-69,-93,-128,-180,1650778526,17
11219697,-12,-19,-31,-48,-72,-107,-159,1650778526,38
8489061,-27,-34,-46,-63,-87,-123,-174,1650778523,23
432110,-30,-38,-49,-66,-90,-125,-177,1650778508,20
10953664,-2,-9,-21,-38,-62,-97,-148,1650778505,48
8063563,-31,-38,-50,-66,-90,-125,-177,1650778499,20
10965127,-35,-42,-54,-71,-95,-130,-182,1650778496,15
8467558,-31,-38,-50,-66,-91,-126,-177,1650778493,19
7745939,-33,-40,-52,-68,-93,-128,-179,1650778493,17
7311987,-23,-30,-42,-58,-82,-117,-169,1650778493,28
7215036,-36,-43,-55,-72,-96,-131,-183,1650778493,14
1479649,-31,-39,-50,-67,-91,-126,-178,1650778493,19
9784890,-33,-40,-52,-68,-93,-128,-179,1650778487,17
9754198,8,1,-10,-27,-51,-86,-137,1650778472,59
9208555,-31,-38,-50,-66,-90,-126,-177,1650778472,19
10846348,-6,-13,-25,-42,-66,-101,-153,1650778472,44
10406777,-14,-21,-33,-49,-73,-108,-160,1650778472,36
9791801,-33,-40,-52,-68,-93,-128,-179,1650778463,17
1110049,-37,-44,-56,-73,-97,-132,-183,1650778463,13
11217472,-18,-25,-37,-54,-78,-113,-164,1650778712,32
9262208,-35,-42,-54,-70,-94,-129,-181,1650778706,15
2349404,-35,-42,-54,-70,-95,-130,-182,1650778706,16
9530575,-33,-40,-52,-68,-93,-128,-179,1650778703,17
9261163,-33,-40,-52,-69,-93,-128,-180,1650778703,17
2750824,-33,-40,-52,-69,-93,-128,-180,1650778703,17
9049040,-33,-40,-52,-68,-93,-128,-179,1650778700,17
3708319,-31,-38,-50,-66,-90,-125,-177,1650778691,20
11246307,48,41,29,12,-11,-46,-97,1650778691,99
10498173,-32,-39,-51,-67,-91,-126,-178,1650778691,19
10791065,7,0,-11,-28,-52,-87,-139,1650778682,59
10872618,-35,-42,-54,-71,-95,-131,-182,1650778679,15
7908636,-35,-42,-54,-70,-94,-129,-181,1650778673,15
1567313,-36,-43,-55,-72,-96,-131,-183,1650778673,14
1218386,-35,-42,-54,-71,-95,-130,-182,1650778673,15
8681582,-33,-40,-52,-69,-93,-128,-180,1650778670,17
10147206,-14,-21,-33,-50,-74,-109,-161,1650778670,36
11306959,50,43,31,14,-9,-45,-96,1650778661,101
5480052,-36,-43,-55,-72,-96,-131,-183,1650778658,14
4781842,-24,-31,-43,-60,-84,-120,-171,1650778658,26
11306960,50,43,31,14,-9,-45,-97,1650778883,101
4923458,-33,-40,-52,-69,-93,-128,-180,1650778871,17
11306957,50,43,31,14,-9,-45,-97,1650778871,101
10078180,13,6,-5,-22,-46,-81,-133,1650778859,64
9260076,8,0,-11,-27,-51,-86,-138,1650778856,59
1623518,-36,-43,-55,-72,-96,-131,-183,1650778856,14
11281520,36,29,17,0,-23,-58,-110,1650778856,87
11306965,-37,-45,-56,-73,-98,-133,-185,1650778844,13
9597773,-16,-23,-35,-51,-76,-111,-163,1650778802,35
11302751,8,0,-11,-27,-51,-86,-138,1650778802,59
6534151,-39,-46,-58,-74,-98,-134,-185,1650778793,11
9916716,-15,-22,-34,-51,-75,-110,-161,1650778790,35
9462882,-33,-40,-52,-68,-93,-128,-179,1650778790,17
5103430,-15,-22,-34,-51,-75,-110,-161,1650778790,35
3058384,-18,-25,-37,-54,-78,-113,-164,1650778790,32
1547408,-34,-41,-53,-70,-94,-129,-180,1650778790,16
653468,-34,-41,-53,-70,-94,-129,-181,1650778772,16
6101924,-23,-30,-42,-59,-83,-118,-169,1650778772,27
5438084,-24,-31,-43,-60,-84,-120,-171,1650778772,26
11128222,58,51,39,22,-1,-36,-88,1650778769,109
5327453,-6,-13,-25,-42,-66,-101,-153,1650779069,44
4921521,-36,-43,-55,-72,-96,-132,-183,1650779069,14
2604654,-33,-40,-52,-69,-93,-128,-180,1650779069,17
803036,-35,-42,-54,-71,-95,-130,-182,1650779066,15
3875638,-39,-46,-58,-75,-99,-134,-186,1650779054,11
9750565,-25,-32,-44,-60,-84,-120,-171,1650779036,25
9406424,-22,-30,-41,-58,-83,-118,-170,1650779036,28
5480185,-36,-43,-55,-71,-96,-131,-182,1650779036,14
1131481,-36,-43,-55,-71,-96,-131,-182,1650779036,14
11295234,80,73,61,45,21,-14,-65,1650779036,131
11248736,65,58,46,29,5,-29,-81,1650779036,116
11118902,-27,-34,-46,-63,-87,-122,-173,1650779036,23
8105551,-37,-44,-56,-72,-97,-132,-184,1650779033,14
9617644,-36,-43,-55,-72,-96,-131,-183,1650779030,14
9726914,-30,-37,-49,-66,-90,-126,-177,1650779021,20
6840877,-33,-40,-52,-69,-93,-128,-180,1650779006,17
7530696,-33,-40,-52,-69,-93,-128,-180,1650779000,17
3377214,-36,-43,-55,-71,-96,-131,-182,1650779000,14
11016239,-5,-12,-24,-41,-65,-100,-151,1650778988,45
479226,-34,-41,-53,-69,-94,-129,-181,1650778985,17
10132754,-14,-21,-33,-49,-74,-109,-160,1650779267,36
10024940,-27,-34,-46,-62,-87,-122,-173,1650779267,23
4481131,-36,-43,-55,-72,-96,-131,-183,1650779252,14
3649175,-35,-42,-54,-70,-94,-130,-181,1650779252,15
10542553,-6,-13,-25,-42,-66,-101,-152,1650779243,44
6845279,-23,-30,-42,-58,-82,-117,-169,1650779234,27
5512694,-33,-40,-52,-69,-93,-128,-180,1650779234,17
6422271,-24,-31,-43,-59,-84,-119,-171,1650779231,27
3958390,-34,-41,-53,-69,-93,-129,-180,1650779231,16
4842569,-33,-40,-52,-68,-93,-128,-179,1650779222,17
1132813,-34,-41,-53,-70,-94,-129,-180,1650779219,16
11263820,69,62,50,33,9,-25,-77,1650779219,120
7088128,-30,-37,-49,-66,-90,-125,-176,1650779216,20
8180906,-33,-40,-52,-68,-93,-128,-179,1650779207,17
5870787,-34,-41,-53,-70,-94,-129,-181,1650779201,16
8309328,-32,-39,-51,-68,-92,-128,-179,1650779198,18
8355789,-15,-23,-34,-51,-75,-111,-163,1650779189,35
8282539,-27,-35,-46,-63,-87,-122,-174,1650779186,23
5445537,-36,-43,-55,-72,-96,-131,-183,1650779186,14
1652811,-34,-41,-53,-69,-94,-129,-180,1650779186,16
6605328,-36,-44,-55,-72,-96,-132,-184,1650779451,14
1709081,-33,-40,-52,-68,-93,-128,-179,1650779451,17
646204,-33,-41,-52,-69,-93,-128,-180,1650779433,17
6348653,-25,-32,-44,-61,-85,-120,-171,1650779433,25
2572219,-36,-43,-55,-72,-96,-131,-182,1650779433,14
8064809,-30,-37,-49,-66,-90,-125,-176,1650779430,20
5714156,-33,-40,-52,-68,-93,-128,-179,1650779430,17
4694301,-36,-43,-55,-71,-96,-131,-182,1650779427,14
5358904,-23,-30,-42,-58,-83,-118,-169,1650779418,27
11154299,57,50,38,22,-2,-37,-89,1650779418,109
3260869,-35,-42,-54,-70,-95,-130,-181,1650779409,15
4820801,-32,-39,-51,-67,-91,-126,-178,1650779406,18
4714831,-36,-43,-55,-71,-96,-131,-182,1650779403,14
957742,-36,-43,-55,-71,-96,-131,-182,1650779400,14
11051955,31,24,12,-4,-28,-63,-114,1650779397,82
9542826,-12,-19,-31,-48,-72,-107,-159,1650779391,38
4715338,-36,-43,-55,-72,-96,-131,-183,1650779388,14
8113880,-27,-34,-46,-62,-87,-122,-173,1650779385,23
7498644,-6,-13,-25,-42,-66,-101,-153,1650779385,44
5313631,-33,-41,-52,-69,-93,-128,-180,1650779385,17
4280985,-36,-43,-55,-71,-96,-131,-182,1650779646,14
4533514,-21,-28,-40,-57,-81,-117,-168,1650779643,29
6678063,-28,-35,-47,-64,-88,-123,-175,1650779628,23
5480293,-36,-43,-55,-71,-96,-131,-182,1650779628,14
11299963,19,11,0,-16,-40,-75,-127,1650779628,70
7511652,3,-3,-15,-32,-56,-91,-142,1650779616,54
11031073,25,18,6,-10,-34,-69,-120,1650779601,76
7661797,-31,-39,-50,-67,-91,-126,-178,1650779598,19
1822748,-21,-28,-40,-57,-81,-116,-167,1650779598,29
6709358,-33,-40,-52,-68,-93,-128,-179,1650779595,17
11281107,57,50,38,21,-2,-37,-89,1650779595,108
10805426,-10,-17,-29,-46,-70,-105,-157,1650779595,40
4302047,-36,-43,-55,-71,-96,-131,-182,1650779586,14
7565291,-36,-43,-55,-72,-96,-132,-183,1650779583,14
3052339,-33,-40,-52,-68,-93,-128,-179,1650779583,17
11306973,38,31,19,2,-21,-56,-107,1650779583,89
9490699,-27,-34,-46,-63,-87,-122,-173,1650779571,23
3162095,-21,-28,-40,-57,-81,-117,-168,1650779565,29
4318254,-36,-43,-55,-71,-96,-131,-182,1650779562,14
11148872,35,28,16,0,-24,-59,-110,1650779562,86
9123931,-23,-30,-42,-58,-83,-118,-169,1650779826,27
7272733,-36,-43,-55,-71,-96,-131,-182,1650779820,14
2403833,-36,-43,-55,-72,-96,-131,-183,1650779817,14
11101266,32,25,13,-3,-27,-62,-114,1650779814,83
801920,-39,-46,-58,-75,-99,-134,-186,1650779802,11
3854941,-33,-41,-53,-69,-94,-129,-181,1650779793,17
8143811,-33,-40,-52,-68,-93,-128,-179,1650779778,17
7180295,-36,-43,-55,-71,-96,-131,-182,1650779775,14
7988351,-31,-38,-50,-67,-91,-126,-177,1650779769,19
5764039,0,-6,-18,-35,-59,-95,-146,1650779769,51
5983640,-35,-42,-54,-70,-95,-130,-182,1650779757,16
9327156,-26,-33,-45,-61,-86,-121,-172,1650779748,24
1621347,-33,-40,-52,-69,-93,-128,-180,1650779748,17
3415598,-34,-41,-53,-69,-94,-129,-181,1650779730,17
10681946,60,53,41,25,0,-34,-86,1650779730,112
9380481,-33,-40,-52,-69,-93,-128,-179,1650779727,17
4864774,-36,-43,-55,-72,-96,-131,-182,1650779727,14
6790462,-35,-42,-54,-70,-95,-130,-182,1650779721,16
9513966,-15,-23,-34,-51,-75,-111,-163,1650779718,35
9986200,7,0,-11,-28,-52,-87,-139,1650779715,58
5750057,-9,-16,-28,-45,-69,-104,-156,1650779991,41
5506663,-33,-40,-52,-69,-93,-128,-179,1650779988,17
7025848,-34,-41,-53,-70,-94,-129,-180,1650779985,16
8606843,-33,-40,-52,-69,-93,-128,-179,1650779979,17
5474471,-33,-41,-52,-69,-93,-128,-180,1650779961,17
9562668,-27,-34,-46,-62,-86,-122,-173,1650779958,23
698840,-36,-43,-55,-71,-96,-131,-182,1650779958,14
10902213,34,27,15,-1,-25,-61,-113,1650779955,85
2293476,-35,-42,-54,-71,-95,-131,-182,1650779931,15
7321410,-34,-41,-53,-69,-94,-129,-180,1650779928,16
10358937,135,127,115,99,74,39,-12,1650779928,186
8292296,-8,-15,-27,-44,-68,-103,-155,1650779925,42
9247315,-18,-25,-37,-54,-78,-113,-164,1650779913,32
1177936,-34,-41,-53,-70,-94,-129,-181,1650779901,16
456423,-34,-41,-53,-70,-94,-129,-181,1650779895,16
11055420,-7,-14,-26,-43,-67,-102,-153,1650779895,43
11298757,37,30,18,1,-22,-57,-109,1650779892,88
3604611,-33,-40,-52,-69,-93,-128,-179,1650779880,17
2685829,22,15,3,-13,-37,-72,-123,1650779862,73
11297934,119,112,100,84,60,25,-26,1650779862,170
10650075,-33,-41,-52,-69,-93,-128,-180,1650780165,17
6536887,-33,-40,-52,-68,-93,-128,-179,1650780159,17
3734239,-36,-43,-55,-72,-96,-131,-183,1650780156,14
7188610,-38,-45,-57,-74,-98,-133,-185,1650780132,13
2347295,-37,-44,-56,-72,-96,-131,-183,1650780132,13
6496004,-36,-43,-55,-71,-96,-131,-182,1650780126,14
5038721,-33,-40,-52,-68,-93,-128,-179,1650780123,17
1285065,-39,-46,-58,-74,-98,-134,-185,1650780111,11
8095112,-33,-41,-52,-69,-93,-129,-181,1650780093,17
395127,-32,-39,-51,-68,-92,-127,-178,1650780093,18
7562306,-32,-39,-51,-67,-92,-127,-179,1650780090,19
3642422,-36,-43,-55,-72,-96,-131,-183,1650780090,14
10981559,-9,-17,-29,-45,-70,-105,-157,1650780090,41
10711871,-28,-35,-47,-64,-88,-123,-174,1650780090,22
7923703,-34,-41,-53,-70,-94,-129,-181,1650780078,16
7379427,-32,-39,-51,-67,-92,-127,-178,1650780078,18
507966,6,0,-12,-29,-53,-89,-140,1650780078,57
9153797,-21,-28,-40,-57,-81,-116,-167,1650780057,29
9314095,-36,-43,-55,-72,-96,-131,-183,1650780045,14
7050610,-33,-40,-52,-69,-93,-128,-179,1650780045,17
9617644,-34,-41,-53,-70,-94,-129,-180,1650780360,16
8024505,-37,-44,-56,-72,-96,-131,-183,1650780360,14
5220942,-36,-43,-55,-71,-96,-131,-182,1650780360,14
11154825,55,48,36,19,-4,-39,-91,1650780360,106
10353738,-30,-38,-49,-66,-90,-125,-177,1650780360,20
9394385,-6,-13,-25,-42,-66,-101,-153,1650780342,44
3914300,-30,-37,-49,-66,-90,-126,-177,1650780342,20
8649235,-35,-42,-54,-71,-95,-130,-182,1650780339,15
4280985,-34,-41,-53,-70,-94,-129,-181,1650780339,16
8283263,-22,-29,-41,-57,-81,-116,-168,1650780327,28
7728639,-32,-40,-51,-68,-92,-127,-179,1650780327,18
4306741,-33,-40,-52,-69,-93,-128,-180,1650780327,17
10851698,-9,-16,-28,-45,-69,-104,-156,1650780327,41
10489124,-33,-40,-52,-68,-93,-128,-179,1650780324,17
8452164,-20,-27,-39,-56,-80,-115,-166,1650780309,30
3952300,-36,-43,-55,-71,-95,-130,-182,1650780309,14
2737253,-35,-42,-54,-71,-95,-130,-182,1650780309,15
7783772,-36,-44,-55,-72,-96,-131,-183,1650780306,14
5433881,-32,-39,-51,-68,-92,-127,-179,1650780306,18
3886886,-34,-41,-53,-70,-94,-129,-181,1650780306,16
4166827,-36,-43,-55,-71,-96,-131,-182,1650780540,14
1197296,-35,-42,-54,-70,-95,-130,-182,1650780540,16
10427689,-23,-30,-42,-59,-83,-118,-170,1650780540,28
7656787,-28,-35,-47,-63,-88,-123,-175,1650780525,23
1637321,-22,-29,-41,-57,-81,-116,-168,1650780525,29
9069984,-4,-11,-23,-40,-64,-99,-151,1650780522,46
4216442,-36,-43,-55,-71,-96,-131,-182,1650780507,14
800929,-36,-43,-55,-72,-96,-131,-182,1650780492,14
2551822,-37,-45,-56,-73,-97,-132,-184,1650780492,13
7302937,-32,-39,-51,-68,-92,-127,-179,1650780474,19
354161,-32,-40,-51,-68,-92,-127,-179,1650780474,18
9925651,2,-5,-16,-33,-57,-92,-144,1650780471,53
3247094,-37,-44,-56,-72,-96,-131,-183,1650780459,14
7471248,-36,-43,-55,-71,-96,-131,-182,1650780453,14
11118334,9,2,-9,-25,-49,-85,-136,1650780738,60
4144554,-30,-37,-49,-66,-90,-126,-177,1650780735,20
6632570,-36,-43,-55,-71,-96,-131,-182,1650780723,14
6315116,-27,-34,-46,-63,-87,-123,-174,1650780723,23
7895517,-33,-40,-52,-68,-93,-128,-179,1650780717,17
3663872,-36,-43,-55,-72,-96,-132,-183,1650780708,14
8750413,-32,-39,-51,-68,-92,-127,-178,1650780690,18
3831903,-36,-43,-55,-72,-96,-132,-183,1650780684,14
8546525,-33,-40,-52,-69,-93,-129,-180,1650780672,17
7777145,-11,-18,-30,-47,-71,-106,-158,1650780672,39
2682651,-31,-39,-50,-67,-91,-126,-178,1650780672,19
5976946,-9,-17,-29,-45,-70,-105,-157,1650780669,41
460191,-32,-39,-51,-68,-92,-128,-179,1650780657,18
4324622,-36,-43,-55,-72,-96,-132,-183,1650780648,14
3821211,-36,-43,-55,-72,-96,-132,-183,1650780645,14
8775049,-33,-40,-52,-69,-93,-129,-180,1650780639,17
11191726,31,23,12,-4,-29,-64,-116,1650780639,82
5762695,-36,-43,-55,-71,-96,-131,-182,1650780636,14
4650842,-35,-42,-53,-70,-94,-129,-181,1650780627,16
3972016,-36,-43,-55,-71,-96,-131,-182,1650780624,14
9404316,-30,-37,-49,-66,-90,-125,-176,1650780924,20
411639,-37,-44,-56,-72,-97,-132,-183,1650780921,13
3293903,-36,-43,-55,-71,-96,-131,-182,1650780906,14
3628082,16,9,-2,-18,-43,-78,-129,1650780903,67
7460084,-33,-40,-52,-69,-93,-128,-180,1650780900,17
375836,-37,-44,-56,-72,-96,-132,-183,1650780900,13
9909755,-24,-31,-43,-60,-84,-120,-172,1650780888,26
2572099,-19,-26,-38,-54,-78,-114,-165,1650780888,31
3915850,-33,-40,-52,-68,-93,-128,-179,1650780885,17
3402655,-36,-43,-55,-71,-96,-131,-182,1650780885,14
7352003,-30,-37,-49,-66,-90,-126,-177,1650780870,20
6766443,-33,-40,-52,-69,-93,-129,-180,1650780867,17
3371653,-36,-43,-55,-72,-96,-132,-183,1650780867,14
9594709,-36,-43,-55,-71,-96,-131,-182,1650780858,14
9697729,16,9,-2,-18,-43,-78,-129,1650780855,67
9139494,-36,-43,-55,-71,-96,-131,-182,1650780855,14
1649079,-35,-42,-54,-71,-95,-130,-181,1650780855,15
10410253,34,27,15,-1,-25,-61,-112,1650780855,85
5255506,-37,-44,-56,-73,-97,-132,-184,1650780843,13
7314220,-32,-39,-51,-68,-92,-128,-179,1650780837,18
9837417,7,0,-11,-27,-51,-86,-138,1650781101,59
10172430,-30,-37,-49,-66,-90,-125,-176,1650781101,20
9890607,-33,-40,-52,-68,-93,-128,-179,1650781098,17
5524673,-12,-19,-31,-48,-72,-107,-159,1650781098,38
11284847,6,0,-12,-28,-53,-88,-139,1650781098,57
11269996,97,89,78,61,36,1,-50,1650781098,148
10274729,-11,-18,-30,-47,-71,-106,-157,1650781095,39
3002356,-36,-43,-55,-71,-96,-131,-182,1650781092,14
2965871,-36,-43,-55,-71,-96,-131,-182,1650781086,14
11272360,82,75,63,47,23,-12,-63,1650781086,133
8467378,-33,-40,-52,-68,-93,-128,-179,1650781065,17
1288208,-38,-45,-57,-73,-98,-133,-185,1650781041,13
8417785,-36,-43,-55,-71,-96,-131,-182,1650781038,14
3069302,-36,-43,-55,-71,-96,-131,-182,1650781038,14
8617966,-18,-25,-37,-54,-78,-113,-164,1650781035,32
588381,-33,-40,-52,-69,-93,-128,-179,1650781035,17
10455795,-33,-40,-52,-68,-93,-128,-179,1650781035,17
11035189,7,0,-11,-27,-51,-86,-138,1650781032,59
492965,-21,-28,-40,-57,-81,-116,-167,1650781020,29
3153229,-36,-43,-55,-71,-96,-131,-182,1650781020,14
3096058,-30,-37,-49,-66,-90,-125,-176,1650781287,20
2852269,-36,-43,-55,-72,-96,-132,-183,1650781284,14
909710,-21,-28,-40,-57,-81,-117,-168,1650781266,29
8256393,-27,-34,-46,-62,-87,-122,-174,1650781263,24
10104473,-31,-38,-50,-67,-91,-127,-178,1650781263,19
10009915,-24,-31,-43,-60,-84,-119,-171,1650781263,26
9615630,-18,-25,-37,-53,-77,-113,-164,1650781251,32
7982716,-25,-32,-44,-60,-85,-120,-171,1650781251,25
793144,-33,-40,-52,-68,-93,-128,-179,1650781251,17
4124766,-20,-27,-39,-55,-80,-115,-166,1650781245,30
8841798,-36,-43,-55,-72,-96,-131,-182,1650781239,14
6435859,-27,-34,-46,-63,-87,-122,-173,1650781233,23
990590,-18,-25,-37,-54,-78,-113,-164,1650781230,32
4005966,-18,-25,-37,-54,-78,-113,-164,1650781230,32
3973597,-30,-37,-49,-66,-90,-126,-177,1650781230,20
2167954,-24,-31,-43,-60,-84,-120,-171,1650781230,26
9821221,-30,-37,-49,-66,-90,-125,-176,1650781218,20
771710,-35,-42,-54,-70,-95,-130,-182,1650781218,16
7465269,55,48,36,19,-4,-39,-91,1650781218,106
1638116,-38,-45,-57,-73,-97,-132,-184,1650781218,13
2489905,-36,-43,-55,-72,-96,-131,-183,1650781467,14
2647687,-36,-43,-55,-71,-96,-131,-182,1650781464,14
158904,-38,-45,-56,-73,-97,-132,-184,1650781464,13
9746506,-24,-31,-43,-60,-84,-119,-170,1650781461,26
6993796,-25,-32,-44,-60,-84,-119,-171,1650781461,26
8197981,-34,-42,-53,-70,-94,-129,-181,1650781449,16
680005,-39,-46,-58,-74,-99,-134,-185,1650781449,11
10757547,37,30,18,2,-22,-57,-108,1650781449,88
10300696,40,33,21,5,-19,-54,-105,1650781449,91
11057312,-49,-56,-68,-85,-109,-144,-196,1650781434,1
8211909,-24,-31,-43,-60,-84,-119,-170,1650781431,26
3028462,-32,-39,-51,-68,-92,-127,-179,1650781431,18
2678239,-36,-43,-55,-71,-96,-131,-182,1650781431,14
5583548,-37,-44,-56,-73,-97,-132,-183,1650781428,13
3778010,7,0,-11,-27,-52,-87,-139,1650781428,59
8742987,29,22,10,-6,-31,-66,-118,1650781416,80
11285754,18,11,0,-17,-41,-76,-128,1650781416,69
398787,-38,-45,-57,-73,-97,-132,-184,1650781398,13
10440018,-18,-25,-37,-54,-78,-113,-164,1650781395,32
10083038,10,3,-8,-25,-49,-84,-136,1650781392,62
10012128,-33,-40,-52,-69,-93,-129,-180,1650781662,17
9737313,-36,-43,-55,-72,-96,-131,-183,1650781659,14
5752807,-29,-36,-48,-64,-88,-124,-175,1650781659,21
5712706,-23,-30,-42,-59,-83,-118,-169,1650781659,27
2177009,-36,-43,-55,-71,-95,-130,-182,1650781659,15
5254356,-27,-34,-46,-63,-87,-122,-173,1650781629,23
2107754,-36,-43,-55,-71,-96,-131,-182,1650781623,14
251900,-36,-43,-55,-71,-96,-131,-182,1650781620,14
2074154,-36,-43,-55,-71,-96,-131,-182,1650781620,14
8785160,-26,-33,-45,-61,-86,-121,-172,1650781596,24
8194687,-7,-14,-26,-42,-67,-102,-153,1650781581,43
11305815,27,20,8,-7,-31,-66,-118,1650781581,79
2133667,-36,-43,-55,-71,-96,-131,-182,1650781572,14
2109060,-36,-43,-55,-72,-96,-131,-183,1650781572,14
379729,-36,-43,-55,-71,-96,-131,-182,1650781560,14
2128460,-36,-43,-55,-72,-96,-131,-183,1650781548,14
1921387,-34,-42,-53,-70,-94,-129,-181,1650781548,16
10890821,-25,-32,-44,-61,-85,-120,-172,1650781548,26
9545043,-19,-26,-38,-54,-79,-114,-166,1650781530,32
7978099,-18,-25,-37,-54,-78,-113,-164,1650781515,32
1820914,-36,-43,-55,-71,-96,-131,-182,1650781848,14
9308689,-33,-41,-52,-69,-93,-128,-180,1650781845,17
7204959,-26,-33,-45,-61,-85,-120,-172,1650781827,25
11305351,27,20,8,-8,-33,-68,-120,1650781824,78
304817,-9,-16,-28,-45,-69,-104,-156,1650781815,41
781498,-32,-39,-51,-68,-92,-127,-178,1650781812,18
7364925,-26,-33,-45,-62,-86,-121,-173,1650781812,25
6718823,-34,-41,-53,-69,-94,-129,-181,1650781812,17
10907810,96,89,77,60,36,1,-50,1650781812,147
7132000,-35,-42,-54,-71,-95,-130,-182,1650781794,16
6381954,10,3,-8,-25,-49,-84,-136,1650781794,62
4805073,-36,-43,-55,-72,-96,-131,-183,1650781773,14
8256939,-34,-41,-53,-70,-94,-129,-181,1650781761,17
4556090,-32,-39,-51,-68,-92,-127,-179,1650781761,19
4331695,-12,-19,-31,-48,-72,-108,-160,1650781761,38
3741108,-33,-40,-52,-69,-93,-129,-180,1650781761,17
10536368,-23,-30,-42,-59,-83,-118,-170,1650781761,28
8704437,-27,-34,-46,-63,-87,-123,-174,1650781746,23
5281141,-32,-40,-52,-68,-93,-128,-180,1650781746,18
2415457,-15,-23,-34,-51,-75,-111,-163,1650781731,35
320020,-29,-36,-48,-64,-88,-124,-175,1650782139,21
1383074,-36,-43,-55,-71,-96,-131,-182,1650782109,14
11145838,0,-7,-19,-36,-60,-95,-147,1650782109,50
10525339,22,15,3,-13,-37,-72,-124,1650782106,73
8865663,-33,-40,-52,-69,-93,-128,-179,1650782094,17
6096812,-33,-40,-52,-69,-93,-128,-179,1650782094,17
478270,-36,-43,-55,-72,-96,-131,-183,1650782094,14
11287399,-30,-37,-49,-66,-90,-125,-177,1650782094,21
4805073,-34,-42,-53,-70,-94,-130,-182,1650782070,16
490601,-36,-43,-55,-72,-96,-131,-183,1650782061,14
9147817,-30,-37,-49,-66,-90,-126,-177,1650782058,20
8056913,-18,-26,-37,-54,-78,-114,-166,1650782058,32
313057,-24,-31,-43,-60,-84,-120,-171,1650782058,26
7088128,-27,-35,-47,-63,-88,-123,-175,1650782055,23
1514992,-36,-43,-55,-72,-96,-131,-183,1650782031,14
11306280,34,27,15,0,-25,-60,-111,1650782031,85
9345307,-32,-39,-51,-68,-92,-127,-179,1650782022,18
9293201,-36,-43,-55,-72,-96,-131,-183,1650782022,14
9236545,-15,-23,-34,-51,-75,-111,-163,1650782022,35
7384320,-36,-43,-55,-72,-96,-132,-183,1650782022,14
5213250,-33,-40,-52,-69,-93,-129,-180,1650782340,17
6062701,-37,-44,-56,-72,-97,-132,-184,1650782337,14
5725881,-18,-26,-37,-54,-78,-114,-166,1650782337,32
2641878,-35,-42,-54,-71,-95,-131,-182,1650782337,15
2506092,-32,-39,-51,-68,-92,-127,-179,1650782337,18
11260232,66,59,47,31,6,-28,-80,1650782325,118
1094022,-33,-40,-52,-69,-93,-129,-180,1650782325,17
1565179,-37,-44,-56,-73,-97,-132,-184,1650782319,14
1008106,-36,-43,-55,-72,-96,-131,-183,1650782313,14
4484065,-32,-39,-51,-68,-92,-127,-179,1650782307,18
10680994,3,-3,-15,-32,-56,-91,-143,1650782307,55
5303564,-30,-37,-49,-66,-90,-126,-177,1650782304,20
4405526,-35,-42,-54,-71,-95,-131,-182,1650782304,15
1345174,-37,-44,-56,-73,-97,-132,-184,1650782304,13
9975088,-11,-18,-30,-47,-71,-106,-158,1650782292,39
3573988,-36,-43,-55,-72,-96,-131,-183,1650782274,14
8449469,-32,-39,-51,-68,-92,-128,-179,1650782271,18
1016888,-36,-43,-55,-72,-96,-131,-183,1650782262,14
9437161,-27,-34,-46,-63,-87,-123,-174,1650782259,23
7677576,-30,-37,-49,-66,-90,-126,-177,1650782244,20
211125,-36,-43,-55,-72,-96,-131,-183,1650782526,14
4677419,-39,-46,-58,-75,-99,-134,-186,1650782523,11
10464504,13,6,-5,-22,-46,-81,-133,1650782523,65
10622903,66,59,47,31,6,-28,-80,1650782520,118
7178973,-26,-33,-45,-62,-86,-121,-173,1650782505,25
8700675,-4,-11,-23,-39,-64,-99,-151,1650782502,47
10588284,16,9,-2,-19,-43,-78,-130,1650782502,68
10574192,-7,-14,-26,-42,-67,-102,-154,1650782502,44
5797039,-37,-44,-56,-73,-97,-132,-184,1650782490,13
2666518,-31,-38,-50,-66,-91,-126,-178,1650782490,20
10971524,-12,-20,-32,-48,-73,-108,-160,1650782490,38
1251657,-36,-43,-55,-72,-96,-131,-183,1650782478,14
8052992,-32,-39,-51,-68,-92,-127,-179,1650782472,18
2484304,-36,-43,-55,-72,-96,-131,-183,1650782460,14
1638478,-37,-44,-56,-73,-97,-132,-184,1650782454,13
7983270,-24,-31,-43,-60,-84,-120,-171,1650782451,26
5096092,-27,-34,-46,-63,-87,-123,-174,1650782439,23
2794617,-38,-45,-57,-73,-98,-133,-185,1650782427,13
8622608,-36,-43,-55,-72,-96,-131,-183,1650782424,15
8202201,-35,-42,-54,-70,-95,-130,-182,1650782424,16
2629640,-36,-43,-55,-72,-96,-131,-183,1650782709,14
11306279,49,42,30,13,-10,-46,-98,1650782697,100
987255,-21,-29,-40,-57,-81,-117,-169,1650782688,29
4387642,-36,-43,-55,-72,-96,-132,-183,1650782688,14
385460,-33,-40,-52,-69,-93,-129,-180,1650782688,17
3629495,-30,-37,-49,-66,-90,-126,-177,1650782688,20
2363835,-37,-44,-56,-73,-97,-132,-184,1650782688,14
11168134,-36,-43,-55,-72,-96,-132,-183,1650782688,14
7698446,-21,-29,-40,-57,-81,-117,-169,1650782679,29
9286373,-36,-43,-55,-72,-96,-131,-183,1650782673,14
7662179,-32,-40,-52,-68,-93,-128,-181,1650782670,18
2757116,-24,-32,-44,-60,-85,-120,-173,1650782667,26
1113821,-36,-43,-55,-72,-97,-132,-184,1650782664,14
4941748,-19,-26,-38,-55,-79,-115,-167,1650782655,32
4123111,-24,-32,-44,-60,-85,-120,-173,1650782655,26
9045841,-33,-41,-53,-69,-94,-129,-181,1650782649,17
1839631,-30,-37,-49,-66,-91,-126,-178,1650782643,21
9695024,66,59,47,30,6,-29,-81,1650782637,118
7658567,-33,-41,-53,-69,-94,-129,-181,1650782637,17
9423971,-18,-25,-37,-54,-78,-114,-166,1650782634,33
8716464,-19,-26,-38,-55,-79,-115,-167,1650782946,32
5417735,-34,-41,-53,-70,-95,-130,-182,1650782934,16
9235803,-24,-32,-44,-60,-85,-120,-173,1650782931,26
10068713,-30,-38,-50,-66,-91,-126,-178,1650782922,20
8698353,-32,-40,-52,-68,-93,-128,-180,1650782919,18
7109851,-36,-43,-55,-72,-96,-131,-183,1650782898,14
4855166,-9,-17,-29,-45,-70,-105,-157,1650782898,41
8498275,-6,-13,-25,-42,-67,-102,-154,1650782886,44
4151824,-30,-37,-49,-66,-90,-126,-177,1650782886,20
2874695,-35,-42,-54,-70,-95,-130,-182,1650782886,16
11244300,47,40,28,11,-12,-47,-99,1650782877,99
1931280,-39,-46,-58,-75,-99,-134,-186,1650782874,11
4978291,-32,-39,-51,-68,-92,-128,-179,1650782868,18
4788771,39,32,20,3,-20,-56,-107,1650782868,90
5109058,-36,-43,-55,-72,-96,-131,-183,1650782865,14
10100168,-33,-40,-52,-69,-93,-129,-180,1650782865,17
11226436,-29,-36,-48,-64,-89,-124,-176,1650782850,22
8759218,-8,-16,-28,-44,-69,-104,-156,1650782838,42
9303024,-36,-43,-55,-72,-96,-132,-183,1650782835,14
6747352,-36,-43,-55,-72,-96,-131,-183,1650782832,14
358592,-27,-34,-46,-63,-87,-123,-174,1650783111,23
6875535,-39,-46,-58,-75,-99,-134,-186,1650783105,11
9850662,-23,-30,-42,-59,-83,-119,-170,1650783099,27
732169,-33,-40,-52,-69,-93,-129,-180,1650783099,17
3611756,-24,-31,-43,-60,-84,-120,-171,1650783099,26
1393274,-33,-41,-53,-69,-94,-129,-181,1650783099,17
11005185,7,0,-11,-28,-52,-87,-139,1650783099,59
7430724,66,59,47,31,6,-28,-80,1650783096,118
5109058,-34,-41,-53,-70,-94,-129,-181,1650783096,17
11276777,-16,-23,-35,-52,-76,-111,-163,1650783096,34
6875595,-39,-46,-58,-75,-99,-134,-186,1650783087,11
6219161,-38,-45,-57,-73,-98,-133,-185,1650783084,13
4682762,-35,-42,-54,-71,-95,-130,-182,1650783084,15
6875620,-39,-46,-58,-75,-99,-134,-186,1650783072,11
5400110,-36,-43,-55,-72,-96,-131,-183,1650783072,14
1972449,-27,-34,-46,-63,-87,-123,-174,1650783066,23
1704965,-27,-34,-46,-63,-87,-123,-174,1650783066,23
5167495,-34,-41,-53,-70,-94,-130,-181,1650783063,16
10030001,-29,-36,-48,-65,-89,-124,-176,1650783063,22
9558501,-36,-43,-55,-72,-96,-131,-183,1650783054,14
7674185,-32,-39,-51,-67,-92,-127,-179,1650783294,19
5808500,-27,-34,-46,-63,-87,-122,-174,1650783294,24
11081798,34,27,15,-1,-25,-61,-112,1650783294,85
10047188,-24,-31,-43,-60,-84,-120,-171,1650783294,26
4415413,-36,-43,-55,-72,-96,-131,-183,1650783285,14
6840049,-39,-46,-58,-75,-99,-134,-186,1650783270,11
2133667,-33,-41,-53,-69,-94,-129,-181,1650783264,17
7113752,-21,-29,-40,-57,-81,-117,-169,1650783261,29
11283812,271,264,252,236,211,176,124,1650783261,323
7107696,-26,-33,-45,-61,-85,-121,-172,1650783249,24
11115722,10,3,-8,-25,-49,-84,-136,1650783249,61
10233043,-31,-38,-50,-66,-90,-125,-177,1650783240,20
6875757,-39,-46,-58,-74,-99,-134,-185,1650783237,11
3902764,-37,-44,-56,-72,-96,-132,-183,1650783231,13
8879462,-26,-33,-45,-61,-85,-120,-172,1650783228,25
1944266,-33,-40,-52,-69,-93,-128,-179,1650783228,17
4094011,-29,-36,-48,-65,-89,-124,-175,1650783225,21
4058360,-27,-34,-46,-63,-87,-123,-174,1650783225,23
4345566,-36,-43,-55,-72,-96,-131,-183,1650783216,14
9227534,-6,-13,-25,-42,-66,-101,-153,1650783204,44
9468247,-35,-42,-54,-71,-95,-130,-182,1650783480,15
8822147,37,30,18,1,-22,-57,-108,1650783480,88
4746558,-24,-31,-43,-60,-84,-119,-171,1650783468,26
8992769,-24,-31,-43,-59,-84,-119,-171,1650783462,27
8138372,-24,-31,-43,-60,-84,-119,-171,1650783462,26
10795007,-17,-24,-36,-53,-77,-112,-164,1650783462,33
11272070,72,65,53,37,13,-21,-73,1650783459,124
2859940,-36,-43,-55,-72,-96,-131,-182,1650783429,14
11069469,7,0,-11,-28,-52,-87,-139,1650783426,58
10752769,-12,-19,-31,-48,-72,-107,-159,1650783426,38
9194154,-36,-43,-55,-71,-96,-131,-182,1650783417,14
11232906,93,86,74,58,33,-1,-52,1650783396,144
11129062,8,1,-10,-27,-51,-87,-138,1650783396,59
6046420,-36,-43,-55,-72,-96,-131,-183,1650783393,14
1215958,-38,-45,-57,-73,-97,-132,-184,1650783384,13
9481509,-36,-43,-55,-71,-96,-131,-182,1650783381,14
10650046,16,9,-2,-18,-42,-78,-129,1650783372,67
2772147,-36,-43,-55,-71,-96,-131,-182,1650783369,14
9373596,-33,-40,-52,-69,-93,-129,-180,1650783360,17
9149046,-36,-43,-55,-72,-96,-131,-183,1650783360,14
534530,-33,-41,-52,-69,-93,-128,-180,1650783660,17
1662651,-36,-44,-55,-72,-96,-131,-183,1650783660,14
10739446,-28,-35,-47,-63,-87,-122,-174,1650783660,23
7855588,-33,-40,-52,-69,-93,-128,-179,1650783657,17
10201476,8,0,-11,-27,-51,-86,-138,1650783648,59
8113906,-36,-43,-55,-71,-96,-131,-182,1650783645,14
8731604,-34,-41,-53,-70,-94,-129,-181,1650783636,17
11211132,55,48,36,19,-4,-39,-91,1650783630,106
7707018,-30,-37,-49,-66,-90,-125,-176,1650783627,20
968386,-36,-43,-55,-72,-96,-131,-183,1650783624,14
4650957,-33,-40,-52,-69,-93,-128,-179,1650783624,17
322550,-33,-40,-52,-69,-93,-129,-180,1650783612,17
7835028,-27,-34,-46,-63,-87,-123,-174,1650783600,23
8342887,-26,-33,-45,-62,-86,-121,-172,1650783594,24
2069787,-36,-43,-55,-72,-96,-131,-182,1650783591,14
2548885,-34,-42,-53,-70,-94,-129,-181,1650783585,16
6267018,-26,-33,-45,-62,-86,-122,-173,1650783579,24
3524677,-34,-41,-53,-69,-94,-129,-180,1650783579,16
2040392,-33,-40,-52,-69,-93,-129,-180,1650783579,17
3766345,-26,-33,-45,-62,-86,-121,-173,1650783561,25
7321229,-39,-46,-58,-75,-99,-134,-186,1650783909,11
10828756,-35,-42,-54,-71,-95,-130,-182,1650783909,15
4498954,-15,-22,-34,-51,-75,-110,-162,1650783906,35
8366217,-26,-33,-45,-61,-86,-121,-172,1650783894,24
2513090,-36,-43,-55,-72,-96,-131,-182,1650783876,14
10495156,-24,-31,-43,-60,-84,-119,-170,1650783873,26
8426586,-23,-30,-42,-58,-82,-117,-169,1650783843,28
1236763,-5,-12,-24,-41,-65,-100,-151,1650783843,45
820889,-33,-40,-52,-69,-93,-128,-179,1650783822,17
3499159,-36,-43,-55,-72,-96,-131,-182,1650783822,14
10302403,-33,-40,-52,-69,-93,-129,-180,1650783813,17
9019026,-35,-42,-54,-71,-95,-130,-181,1650783810,15
3070809,-31,-38,-50,-67,-91,-126,-178,1650783810,19
173884,22,15,3,-12,-37,-72,-123,1650783792,73
10700915,-22,-29,-41,-58,-82,-117,-168,1650783792,28
10845627,-13,-20,-32,-48,-73,-108,-159,1650783789,37
2815867,-34,-41,-53,-69,-93,-128,-180,1650783780,17
8950611,-33,-40,-52,-69,-93,-129,-180,1650783777,17
480569,-37,-44,-56,-73,-97,-133,-184,1650783777,13
3335845,-36,-43,-55,-72,-96,-131,-183,1650783777,14
7324231,5,-2,-14,-30,-54,-89,-141,1650784092,56
6627738,-32,-39,-51,-67,-91,-126,-178,1650784092,19
10919537,-1,-8,-20,-37,-61,-96,-147,1650784092,49
9964183,-27,-34,-46,-63,-87,-123,-174,1650784071,23
337804,-33,-40,-52,-69,-93,-129,-180,1650784059,17
10373703,5,-2,-14,-30,-54,-89,-141,1650784059,56
7781880,-21,-28,-40,-57,-81,-116,-167,1650784047,29
9471138,-6,-13,-25,-42,-66,-101,-153,1650784041,44
1697817,-34,-41,-53,-69,-93,-129,-180,1650784041,16
10870243,8,0,-11,-27,-51,-86,-138,1650784041,59
9190515,-33,-40,-52,-69,-93,-128,-179,1650784038,17
6277241,-15,-23,-35,-51,-76,-111,-163,1650784026,35
10552703,7,0,-11,-28,-52,-87,-139,1650784026,59
7291974,-35,-42,-54,-71,-95,-130,-181,1650784008,15
9832068,-15,-22,-34,-51,-75,-110,-162,1650784005,35
9555051,-15,-22,-34,-51,-75,-110,-161,1650784005,35
7548689,19,12,0,-16,-40,-75,-127,1650784005,70
4125902,-33,-40,-52,-68,-93,-128,-179,1650784005,17
11270644,19,12,0,-15,-39,-75,-126,1650784005,70
11262113,84,77,65,49,25,-10,-61,1650784005,135
