4619456,Plant,4,1649127710,24.63755
11063322,Plant,0,1649127710,21.1179
6990771,Plant,0,1649127704,24.63755
11185186,Aquatic,0,1649127704,99.95806
4629940,Beast,1,1649127683,21.821830000000002
2692780,Aquatic,3,1649127680,25.922395055038198
11094190,Mech,2,1649127677,46.811345
11197725,Mech,3,1649127668,64.91783246
3958274,Plant,4,1649127656,24.285585
11296455,Mech,0,1649127602,80.95195
11249063,Plant,3,1649127602,84.4716
10973703,Aquatic,5,1649127602,116.14845
6650036,Plant,2,1649127596,20.737582263888893
1505485,Bird,2,1649127596,19.00611
7724907,Plant,1,1649127575,19.71004
3371934,Reptile,3,1649127575,24.63755
10834251,Plant,2,1649127575,42.2358
10066165,Mech,0,1649127575,22.173795000000002
5084505,Aquatic,4,1649127548,28.1572
2624582,Beast,0,1649127548,19.00611
4619456,Plant,4,1649127710,24.63804
11063322,Plant,0,1649127710,21.118319999999997
6990771,Plant,0,1649127704,24.63804
11185186,Aquatic,0,1649127704,99.960048
4629940,Beast,1,1649127683,21.822263999999997
2692780,Aquatic,3,1649127680,25.922910608475
11094190,Mech,2,1649127677,46.812276
11197725,Mech,3,1649127668,64.919123568
3958274,Plant,4,1649127656,24.286068
11296455,Mech,0,1649127602,80.95356
11249063,Plant,3,1649127602,84.47327999999999
10973703,Aquatic,5,1649127602,116.15075999999999
6650036,Plant,2,1649127596,20.7379947
1505485,Bird,2,1649127596,19.006487999999997
7724907,Plant,1,1649127575,19.710431999999997
3371934,Reptile,3,1649127575,24.63804
10834251,Plant,2,1649127575,42.236639999999994
10066165,Mech,0,1649127575,22.174236
5084505,Aquatic,4,1649127548,28.15776
2624582,Beast,0,1649127548,19.006487999999997
5453294,Aquatic,0,1649127713,42.236639999999994
4619456,Plant,4,1649127710,24.63804
11063322,Plant,0,1649127710,21.118319999999997
6990771,Plant,0,1649127704,24.63804
11185186,Aquatic,0,1649127704,99.960048
4629940,Beast,1,1649127683,21.822263999999997
2692780,Aquatic,3,1649127680,25.922910608475
11094190,Mech,2,1649127677,46.812276
11197725,Mech,3,1649127668,64.919123568
3958274,Plant,4,1649127656,24.286068
11296455,Mech,0,1649127602,80.95356
11249063,Plant,3,1649127602,84.47327999999999
10973703,Aquatic,5,1649127602,116.15075999999999
6650036,Plant,2,1649127596,20.7379947
1505485,Bird,2,1649127596,19.006487999999997
7724907,Plant,1,1649127575,19.710431999999997
3371934,Reptile,3,1649127575,24.63804
10834251,Plant,2,1649127575,42.236639999999994
10066165,Mech,0,1649127575,22.174236
5084505,Aquatic,4,1649127548,28.15776
5453294,Aquatic,0,1649127713,42.236639999999994
4619456,Plant,4,1649127710,24.63804
11063322,Plant,0,1649127710,21.118319999999997
6990771,Plant,0,1649127704,24.63804
11185186,Aquatic,0,1649127704,99.960048
4629940,Beast,1,1649127683,21.822263999999997
2692780,Aquatic,3,1649127680,25.922910608475
11094190,Mech,2,1649127677,46.812276
11197725,Mech,3,1649127668,64.919123568
3958274,Plant,4,1649127656,24.286068
11296455,Mech,0,1649127602,80.95356
11249063,Plant,3,1649127602,84.47327999999999
10973703,Aquatic,5,1649127602,116.15075999999999
6650036,Plant,2,1649127596,20.7379947
1505485,Bird,2,1649127596,19.006487999999997
7724907,Plant,1,1649127575,19.710431999999997
3371934,Reptile,3,1649127575,24.63804
10834251,Plant,2,1649127575,42.236639999999994
10066165,Mech,0,1649127575,22.174236
5084505,Aquatic,4,1649127548,28.15776
5453294,Aquatic,0,1649127713,42.236639999999994
4619456,Plant,4,1649127710,24.63804
11063322,Plant,0,1649127710,21.118319999999997
6990771,Plant,0,1649127704,24.63804
11185186,Aquatic,0,1649127704,99.960048
4629940,Beast,1,1649127683,21.822263999999997
2692780,Aquatic,3,1649127680,25.922910608475
11094190,Mech,2,1649127677,46.812276
11197725,Mech,3,1649127668,64.919123568
3958274,Plant,4,1649127656,24.286068
11296455,Mech,0,1649127602,80.95356
11249063,Plant,3,1649127602,84.47327999999999
10973703,Aquatic,5,1649127602,116.15075999999999
6650036,Plant,2,1649127596,20.7379947
1505485,Bird,2,1649127596,19.006487999999997
7724907,Plant,1,1649127575,19.710431999999997
3371934,Reptile,3,1649127575,24.63804
10834251,Plant,2,1649127575,42.236639999999994
10066165,Mech,0,1649127575,22.174236
5084505,Aquatic,4,1649127548,28.15776
5453294,Aquatic,0,1649127713,42.236639999999994
4619456,Plant,4,1649127710,24.63804
11063322,Plant,0,1649127710,21.118319999999997
6990771,Plant,0,1649127704,24.63804
11185186,Aquatic,0,1649127704,99.960048
4629940,Beast,1,1649127683,21.822263999999997
2692780,Aquatic,3,1649127680,25.922910608475
11094190,Mech,2,1649127677,46.812276
11197725,Mech,3,1649127668,64.919123568
3958274,Plant,4,1649127656,24.286068
11296455,Mech,0,1649127602,80.95356
11249063,Plant,3,1649127602,84.47327999999999
10973703,Aquatic,5,1649127602,116.15075999999999
6650036,Plant,2,1649127596,20.7379947
1505485,Bird,2,1649127596,19.006487999999997
7724907,Plant,1,1649127575,19.710431999999997
3371934,Reptile,3,1649127575,24.63804
10834251,Plant,2,1649127575,42.236639999999994
10066165,Mech,0,1649127575,22.174236
5084505,Aquatic,4,1649127548,28.15776
5453294,Aquatic,0,1649127713,42.24324
4619456,Plant,4,1649127710,24.64189
11063322,Plant,0,1649127710,21.12162
6990771,Plant,0,1649127704,24.64189
11185186,Aquatic,0,1649127704,99.975668
4629940,Beast,1,1649127683,21.825674
2692780,Aquatic,3,1649127680,25.926961385478474
11094190,Mech,2,1649127677,46.819591
11197725,Mech,3,1649127668,64.929267988
3958274,Plant,4,1649127656,24.289863
11296455,Mech,0,1649127602,80.96621
11249063,Plant,3,1649127602,84.48648
10973703,Aquatic,5,1649127602,116.16891
6650036,Plant,2,1649127596,20.741235269444445
1505485,Bird,2,1649127596,19.009458
7724907,Plant,1,1649127575,19.713512
3371934,Reptile,3,1649127575,24.64189
10834251,Plant,2,1649127575,42.24324
10066165,Mech,0,1649127575,22.177701
5084505,Aquatic,4,1649127548,28.16216
5453294,Aquatic,0,1649127713,42.2436
4619456,Plant,4,1649127710,24.642100000000003
11063322,Plant,0,1649127710,21.1218
6990771,Plant,0,1649127704,24.642100000000003
11185186,Aquatic,0,1649127704,99.97652000000001
4629940,Beast,1,1649127683,21.825860000000002
2692780,Aquatic,3,1649127680,25.927182336951393
11094190,Mech,2,1649127677,46.819990000000004
11197725,Mech,3,1649127668,64.92982132
3958274,Plant,4,1649127656,24.29007
11296455,Mech,0,1649127602,80.96690000000001
11249063,Plant,3,1649127602,84.4872
10973703,Aquatic,5,1649127602,116.16990000000001
6650036,Plant,2,1649127596,20.74141202777778
1505485,Bird,2,1649127596,19.00962
7724907,Plant,1,1649127575,19.71368
3371934,Reptile,3,1649127575,24.642100000000003
10834251,Plant,2,1649127575,42.2436
10066165,Mech,0,1649127575,22.17789
5084505,Aquatic,4,1649127548,28.1624
5453294,Aquatic,0,1649127713,42.2436
4619456,Plant,4,1649127710,24.642100000000003
11063322,Plant,0,1649127710,21.1218
6990771,Plant,0,1649127704,24.642100000000003
11185186,Aquatic,0,1649127704,99.97652000000001
4629940,Beast,1,1649127683,21.825860000000002
2692780,Aquatic,3,1649127680,25.927182336951393
11094190,Mech,2,1649127677,46.819990000000004
11197725,Mech,3,1649127668,64.92982132
3958274,Plant,4,1649127656,24.29007
11296455,Mech,0,1649127602,80.96690000000001
11249063,Plant,3,1649127602,84.4872
10973703,Aquatic,5,1649127602,116.16990000000001
6650036,Plant,2,1649127596,20.74141202777778
1505485,Bird,2,1649127596,19.00962
7724907,Plant,1,1649127575,19.71368
3371934,Reptile,3,1649127575,24.642100000000003
10834251,Plant,2,1649127575,42.2436
10066165,Mech,0,1649127575,22.17789
5084505,Aquatic,4,1649127548,28.1624
5453294,Aquatic,0,1649127713,42.2466
4619456,Plant,4,1649127710,24.64385
11063322,Plant,0,1649127710,21.1233
6990771,Plant,0,1649127704,24.64385
11185186,Aquatic,0,1649127704,99.98362
4629940,Beast,1,1649127683,21.82741
2692780,Aquatic,3,1649127680,25.929023599225697
11094190,Mech,2,1649127677,46.823315
11197725,Mech,3,1649127668,64.93443242000001
3958274,Plant,4,1649127656,24.291795
11296455,Mech,0,1649127602,80.97265
11249063,Plant,3,1649127602,84.4932
10973703,Aquatic,5,1649127602,116.17815
6650036,Plant,2,1649127596,20.74288501388889
1505485,Bird,2,1649127596,19.01097
7724907,Plant,1,1649127575,19.71508
3371934,Reptile,3,1649127575,24.64385
10834251,Plant,2,1649127575,42.2466
10066165,Mech,0,1649127575,22.179465
5084505,Aquatic,4,1649127548,28.1644
5453294,Aquatic,0,1649127713,42.2466
4619456,Plant,4,1649127710,24.64385
11063322,Plant,0,1649127710,21.1233
6990771,Plant,0,1649127704,24.64385
11185186,Aquatic,0,1649127704,99.98362
4629940,Beast,1,1649127683,21.82741
2692780,Aquatic,3,1649127680,25.929023599225697
11094190,Mech,2,1649127677,46.823315
11197725,Mech,3,1649127668,64.93443242000001
3958274,Plant,4,1649127656,24.291795
11296455,Mech,0,1649127602,80.97265
11249063,Plant,3,1649127602,84.4932
10973703,Aquatic,5,1649127602,116.17815
6650036,Plant,2,1649127596,20.74288501388889
1505485,Bird,2,1649127596,19.01097
7724907,Plant,1,1649127575,19.71508
3371934,Reptile,3,1649127575,24.64385
10834251,Plant,2,1649127575,42.2466
10066165,Mech,0,1649127575,22.179465
5084505,Aquatic,4,1649127548,28.1644
5453294,Aquatic,0,1649127713,42.2466
4619456,Plant,4,1649127710,24.64385
11063322,Plant,0,1649127710,21.1233
6990771,Plant,0,1649127704,24.64385
11185186,Aquatic,0,1649127704,99.98362
4629940,Beast,1,1649127683,21.82741
2692780,Aquatic,3,1649127680,25.929023599225697
11094190,Mech,2,1649127677,46.823315
11197725,Mech,3,1649127668,64.93443242000001
3958274,Plant,4,1649127656,24.291795
11296455,Mech,0,1649127602,80.97265
11249063,Plant,3,1649127602,84.4932
10973703,Aquatic,5,1649127602,116.17815
6650036,Plant,2,1649127596,20.74288501388889
1505485,Bird,2,1649127596,19.01097
7724907,Plant,1,1649127575,19.71508
3371934,Reptile,3,1649127575,24.64385
10834251,Plant,2,1649127575,42.2466
10066165,Mech,0,1649127575,22.179465
5084505,Aquatic,4,1649127548,28.1644
5453294,Aquatic,0,1649127713,42.243120000000005
4619456,Plant,4,1649127710,24.641820000000003
11063322,Plant,0,1649127710,21.121560000000002
6990771,Plant,0,1649127704,24.641820000000003
11185186,Aquatic,0,1649127704,99.975384
4629940,Beast,1,1649127683,21.825612000000003
2692780,Aquatic,3,1649127680,25.926887734987503
11094190,Mech,2,1649127677,46.819458000000004
11197725,Mech,3,1649127668,64.92908354400001
3958274,Plant,4,1649127656,24.289794
11296455,Mech,0,1649127602,80.96598
11249063,Plant,3,1649127602,84.48624000000001
10973703,Aquatic,5,1649127602,116.16858
6650036,Plant,2,1649127596,20.741176350000003
1505485,Bird,2,1649127596,19.009404
7724907,Plant,1,1649127575,19.713456
3371934,Reptile,3,1649127575,24.641820000000003
10834251,Plant,2,1649127575,42.243120000000005
10066165,Mech,0,1649127575,22.177638
5084505,Aquatic,4,1649127548,28.162080000000003
5453294,Aquatic,0,1649127713,42.243120000000005
4619456,Plant,4,1649127710,24.641820000000003
11063322,Plant,0,1649127710,21.121560000000002
6990771,Plant,0,1649127704,24.641820000000003
11185186,Aquatic,0,1649127704,99.975384
4629940,Beast,1,1649127683,21.825612000000003
2692780,Aquatic,3,1649127680,25.926887734987503
11094190,Mech,2,1649127677,46.819458000000004
11197725,Mech,3,1649127668,64.92908354400001
3958274,Plant,4,1649127656,24.289794
11296455,Mech,0,1649127602,80.96598
11249063,Plant,3,1649127602,84.48624000000001
10973703,Aquatic,5,1649127602,116.16858
6650036,Plant,2,1649127596,20.741176350000003
1505485,Bird,2,1649127596,19.009404
7724907,Plant,1,1649127575,19.713456
3371934,Reptile,3,1649127575,24.641820000000003
10834251,Plant,2,1649127575,42.243120000000005
10066165,Mech,0,1649127575,22.177638
5084505,Aquatic,4,1649127548,28.162080000000003
5453294,Aquatic,0,1649127713,42.2436
4619456,Plant,4,1649127710,24.642100000000003
11063322,Plant,0,1649127710,21.1218
6990771,Plant,0,1649127704,24.642100000000003
11185186,Aquatic,0,1649127704,99.97652000000001
4629940,Beast,1,1649127683,21.825860000000002
2692780,Aquatic,3,1649127680,25.927182336951393
11094190,Mech,2,1649127677,46.819990000000004
11197725,Mech,3,1649127668,64.92982132
3958274,Plant,4,1649127656,24.29007
11296455,Mech,0,1649127602,80.96690000000001
11249063,Plant,3,1649127602,84.4872
10973703,Aquatic,5,1649127602,116.16990000000001
6650036,Plant,2,1649127596,20.74141202777778
1505485,Bird,2,1649127596,19.00962
7724907,Plant,1,1649127575,19.71368
3371934,Reptile,3,1649127575,24.642100000000003
10834251,Plant,2,1649127575,42.2436
10066165,Mech,0,1649127575,22.17789
5084505,Aquatic,4,1649127548,28.1624
5453294,Aquatic,0,1649127713,42.2436
4619456,Plant,4,1649127710,24.642100000000003
11063322,Plant,0,1649127710,21.1218
6990771,Plant,0,1649127704,24.642100000000003
11185186,Aquatic,0,1649127704,99.97652000000001
4629940,Beast,1,1649127683,21.825860000000002
2692780,Aquatic,3,1649127680,25.927182336951393
11094190,Mech,2,1649127677,46.819990000000004
11197725,Mech,3,1649127668,64.92982132
3958274,Plant,4,1649127656,24.29007
11296455,Mech,0,1649127602,80.96690000000001
11249063,Plant,3,1649127602,84.4872
10973703,Aquatic,5,1649127602,116.16990000000001
6650036,Plant,2,1649127596,20.74141202777778
1505485,Bird,2,1649127596,19.00962
7724907,Plant,1,1649127575,19.71368
3371934,Reptile,3,1649127575,24.642100000000003
10834251,Plant,2,1649127575,42.2436
10066165,Mech,0,1649127575,22.17789
5084505,Aquatic,4,1649127548,28.1624
5453294,Aquatic,0,1649127713,42.246719999999996
4619456,Plant,4,1649127710,24.64392
11063322,Plant,0,1649127710,21.123359999999998
6990771,Plant,0,1649127704,24.64392
11185186,Aquatic,0,1649127704,99.983904
4629940,Beast,1,1649127683,21.827472
2692780,Aquatic,3,1649127680,25.92909724971667
11094190,Mech,2,1649127677,46.823448
11197725,Mech,3,1649127668,64.934616864
3958274,Plant,4,1649127656,24.291864
11296455,Mech,0,1649127602,80.97288
11249063,Plant,3,1649127602,84.49343999999999
10973703,Aquatic,5,1649127602,116.17848
6650036,Plant,2,1649127596,20.742943933333336
1505485,Bird,2,1649127596,19.011024
7724907,Plant,1,1649127575,19.715136
3371934,Reptile,3,1649127575,24.64392
10834251,Plant,2,1649127575,42.246719999999996
10066165,Mech,0,1649127575,22.179528
5084505,Aquatic,4,1649127548,28.16448
9340023,Plant,2,1649127731,19.71161544
5633991,Plant,5,1649127731,36.4359922094544
11282923,Aquatic,3,1649127731,105.6168
5453294,Aquatic,0,1649127713,42.246719999999996
4619456,Plant,4,1649127710,24.64392
11063322,Plant,0,1649127710,21.123359999999998
6990771,Plant,0,1649127704,24.64392
11185186,Aquatic,0,1649127704,99.983904
4629940,Beast,1,1649127683,21.827472
2692780,Aquatic,3,1649127680,25.92909724971667
11094190,Mech,2,1649127677,46.823448
11197725,Mech,3,1649127668,64.934616864
3958274,Plant,4,1649127656,24.291864
11296455,Mech,0,1649127602,80.97288
11249063,Plant,3,1649127602,84.49343999999999
10973703,Aquatic,5,1649127602,116.17848
6650036,Plant,2,1649127596,20.742943933333336
1505485,Bird,2,1649127596,19.011024
7724907,Plant,1,1649127575,19.715136
3371934,Reptile,3,1649127575,24.64392
9340023,Plant,2,1649127731,19.71161544
5633991,Plant,5,1649127731,36.4359922094544
11282923,Aquatic,3,1649127731,105.6168
5453294,Aquatic,0,1649127713,42.246719999999996
4619456,Plant,4,1649127710,24.64392
11063322,Plant,0,1649127710,21.123359999999998
6990771,Plant,0,1649127704,24.64392
11185186,Aquatic,0,1649127704,99.983904
4629940,Beast,1,1649127683,21.827472
2692780,Aquatic,3,1649127680,25.92909724971667
11094190,Mech,2,1649127677,46.823448
11197725,Mech,3,1649127668,64.934616864
3958274,Plant,4,1649127656,24.291864
11296455,Mech,0,1649127602,80.97288
11249063,Plant,3,1649127602,84.49343999999999
10973703,Aquatic,5,1649127602,116.17848
6650036,Plant,2,1649127596,20.742943933333336
1505485,Bird,2,1649127596,19.011024
7724907,Plant,1,1649127575,19.715136
3371934,Reptile,3,1649127575,24.64392
9340023,Plant,2,1649127731,19.71161544
5633991,Plant,5,1649127731,36.4359922094544
11282923,Aquatic,3,1649127731,105.6168
5453294,Aquatic,0,1649127713,42.246719999999996
4619456,Plant,4,1649127710,24.64392
11063322,Plant,0,1649127710,21.123359999999998
6990771,Plant,0,1649127704,24.64392
11185186,Aquatic,0,1649127704,99.983904
4629940,Beast,1,1649127683,21.827472
2692780,Aquatic,3,1649127680,25.92909724971667
11094190,Mech,2,1649127677,46.823448
11197725,Mech,3,1649127668,64.934616864
3958274,Plant,4,1649127656,24.291864
11296455,Mech,0,1649127602,80.97288
11249063,Plant,3,1649127602,84.49343999999999
10973703,Aquatic,5,1649127602,116.17848
6650036,Plant,2,1649127596,20.742943933333336
1505485,Bird,2,1649127596,19.011024
7724907,Plant,1,1649127575,19.715136
3371934,Reptile,3,1649127575,24.64392
9340023,Plant,2,1649127731,19.71161544
5633991,Plant,5,1649127731,36.4359922094544
11282923,Aquatic,3,1649127731,105.6168
5453294,Aquatic,0,1649127713,42.246719999999996
4619456,Plant,4,1649127710,24.64392
11063322,Plant,0,1649127710,21.123359999999998
6990771,Plant,0,1649127704,24.64392
11185186,Aquatic,0,1649127704,99.983904
4629940,Beast,1,1649127683,21.827472
2692780,Aquatic,3,1649127680,25.92909724971667
11094190,Mech,2,1649127677,46.823448
11197725,Mech,3,1649127668,64.934616864
3958274,Plant,4,1649127656,24.291864
11296455,Mech,0,1649127602,80.97288
11249063,Plant,3,1649127602,84.49343999999999
10973703,Aquatic,5,1649127602,116.17848
6650036,Plant,2,1649127596,20.742943933333336
1505485,Bird,2,1649127596,19.011024
7724907,Plant,1,1649127575,19.715136
3371934,Reptile,3,1649127575,24.64392
9340023,Plant,2,1649127731,19.71161544
5633991,Plant,5,1649127731,36.4359922094544
11282923,Aquatic,3,1649127731,105.6168
5453294,Aquatic,0,1649127713,42.246719999999996
4619456,Plant,4,1649127710,24.64392
11063322,Plant,0,1649127710,21.123359999999998
6990771,Plant,0,1649127704,24.64392
11185186,Aquatic,0,1649127704,99.983904
4629940,Beast,1,1649127683,21.827472
2692780,Aquatic,3,1649127680,25.92909724971667
11094190,Mech,2,1649127677,46.823448
11197725,Mech,3,1649127668,64.934616864
3958274,Plant,4,1649127656,24.291864
11296455,Mech,0,1649127602,80.97288
11249063,Plant,3,1649127602,84.49343999999999
10973703,Aquatic,5,1649127602,116.17848
6650036,Plant,2,1649127596,20.742943933333336
1505485,Bird,2,1649127596,19.011024
7724907,Plant,1,1649127575,19.715136
3371934,Reptile,3,1649127575,24.64392
9340023,Plant,2,1649127731,19.71155945
5633991,Plant,5,1649127731,36.43588871457799
11282923,Aquatic,3,1649127731,105.6165
5453294,Aquatic,0,1649127713,42.2466
4619456,Plant,4,1649127710,24.64385
11063322,Plant,0,1649127710,21.1233
6990771,Plant,0,1649127704,24.64385
11185186,Aquatic,0,1649127704,99.98362
4629940,Beast,1,1649127683,21.82741
2692780,Aquatic,3,1649127680,25.929023599225697
11094190,Mech,2,1649127677,46.823315
11197725,Mech,3,1649127668,64.93443242000001
3958274,Plant,4,1649127656,24.291795
11296455,Mech,0,1649127602,80.97265
11249063,Plant,3,1649127602,84.4932
10973703,Aquatic,5,1649127602,116.17815
6650036,Plant,2,1649127596,20.74288501388889
1505485,Bird,2,1649127596,19.01097
7724907,Plant,1,1649127575,19.71508
3371934,Reptile,3,1649127575,24.64385
9340023,Plant,2,1649127731,19.71155945
5633991,Plant,5,1649127731,36.43588871457799
11282923,Aquatic,3,1649127731,105.6165
5453294,Aquatic,0,1649127713,42.2466
4619456,Plant,4,1649127710,24.64385
11063322,Plant,0,1649127710,21.1233
6990771,Plant,0,1649127704,24.64385
11185186,Aquatic,0,1649127704,99.98362
4629940,Beast,1,1649127683,21.82741
2692780,Aquatic,3,1649127680,25.929023599225697
11094190,Mech,2,1649127677,46.823315
11197725,Mech,3,1649127668,64.93443242000001
3958274,Plant,4,1649127656,24.291795
11296455,Mech,0,1649127602,80.97265
11249063,Plant,3,1649127602,84.4932
10973703,Aquatic,5,1649127602,116.17815
6650036,Plant,2,1649127596,20.74288501388889
1505485,Bird,2,1649127596,19.01097
7724907,Plant,1,1649127575,19.71508
3371934,Reptile,3,1649127575,24.64385
9340023,Plant,2,1649127731,19.71161544
5633991,Plant,5,1649127731,36.4359922094544
11282923,Aquatic,3,1649127731,105.6168
5453294,Aquatic,0,1649127713,42.246719999999996
4619456,Plant,4,1649127710,24.64392
11063322,Plant,0,1649127710,21.123359999999998
6990771,Plant,0,1649127704,24.64392
11185186,Aquatic,0,1649127704,99.983904
4629940,Beast,1,1649127683,21.827472
2692780,Aquatic,3,1649127680,25.92909724971667
11094190,Mech,2,1649127677,46.823448
11197725,Mech,3,1649127668,64.934616864
3958274,Plant,4,1649127656,24.291864
11296455,Mech,0,1649127602,80.97288
11249063,Plant,3,1649127602,84.49343999999999
10973703,Aquatic,5,1649127602,116.17848
6650036,Plant,2,1649127596,20.742943933333336
1505485,Bird,2,1649127596,19.011024
7724907,Plant,1,1649127575,19.715136
3371934,Reptile,3,1649127575,24.64392
9340023,Plant,2,1649127731,19.71161544
5633991,Plant,5,1649127731,36.4359922094544
11282923,Aquatic,3,1649127731,105.6168
5453294,Aquatic,0,1649127713,42.246719999999996
4619456,Plant,4,1649127710,24.64392
11063322,Plant,0,1649127710,21.123359999999998
6990771,Plant,0,1649127704,24.64392
11185186,Aquatic,0,1649127704,99.983904
4629940,Beast,1,1649127683,21.827472
2692780,Aquatic,3,1649127680,25.92909724971667
11094190,Mech,2,1649127677,46.823448
11197725,Mech,3,1649127668,64.934616864
3958274,Plant,4,1649127656,24.291864
11296455,Mech,0,1649127602,80.97288
11249063,Plant,3,1649127602,84.49343999999999
10973703,Aquatic,5,1649127602,116.17848
6650036,Plant,2,1649127596,20.742943933333336
1505485,Bird,2,1649127596,19.011024
7724907,Plant,1,1649127575,19.715136
3371934,Reptile,3,1649127575,24.64392
9340023,Plant,2,1649127731,19.71161544
5633991,Plant,5,1649127731,36.4359922094544
11282923,Aquatic,3,1649127731,105.6168
5453294,Aquatic,0,1649127713,42.246719999999996
4619456,Plant,4,1649127710,24.64392
11063322,Plant,0,1649127710,21.123359999999998
6990771,Plant,0,1649127704,24.64392
11185186,Aquatic,0,1649127704,99.983904
4629940,Beast,1,1649127683,21.827472
2692780,Aquatic,3,1649127680,25.92909724971667
11094190,Mech,2,1649127677,46.823448
11197725,Mech,3,1649127668,64.934616864
3958274,Plant,4,1649127656,24.291864
11296455,Mech,0,1649127602,80.97288
11249063,Plant,3,1649127602,84.49343999999999
10973703,Aquatic,5,1649127602,116.17848
6650036,Plant,2,1649127596,20.742943933333336
1505485,Bird,2,1649127596,19.011024
7724907,Plant,1,1649127575,19.715136
3371934,Reptile,3,1649127575,24.64392
9340023,Plant,2,1649127731,19.71161544
5633991,Plant,5,1649127731,36.4359922094544
11282923,Aquatic,3,1649127731,105.6168
5453294,Aquatic,0,1649127713,42.246719999999996
4619456,Plant,4,1649127710,24.64392
11063322,Plant,0,1649127710,21.123359999999998
6990771,Plant,0,1649127704,24.64392
11185186,Aquatic,0,1649127704,99.983904
4629940,Beast,1,1649127683,21.827472
2692780,Aquatic,3,1649127680,25.92909724971667
11094190,Mech,2,1649127677,46.823448
11197725,Mech,3,1649127668,64.934616864
3958274,Plant,4,1649127656,24.291864
11296455,Mech,0,1649127602,80.97288
11249063,Plant,3,1649127602,84.49343999999999
10973703,Aquatic,5,1649127602,116.17848
6650036,Plant,2,1649127596,20.742943933333336
1505485,Bird,2,1649127596,19.011024
7724907,Plant,1,1649127575,19.715136
3371934,Reptile,3,1649127575,24.64392
9340023,Plant,2,1649127731,19.71161544
5633991,Plant,5,1649127731,36.4359922094544
11282923,Aquatic,3,1649127731,105.6168
5453294,Aquatic,0,1649127713,42.246719999999996
4619456,Plant,4,1649127710,24.64392
11063322,Plant,0,1649127710,21.123359999999998
6990771,Plant,0,1649127704,24.64392
11185186,Aquatic,0,1649127704,99.983904
4629940,Beast,1,1649127683,21.827472
2692780,Aquatic,3,1649127680,25.92909724971667
11094190,Mech,2,1649127677,46.823448
11197725,Mech,3,1649127668,64.934616864
3958274,Plant,4,1649127656,24.291864
11296455,Mech,0,1649127602,80.97288
11249063,Plant,3,1649127602,84.49343999999999
10973703,Aquatic,5,1649127602,116.17848
6650036,Plant,2,1649127596,20.742943933333336
1505485,Bird,2,1649127596,19.011024
7724907,Plant,1,1649127575,19.715136
3371934,Reptile,3,1649127575,24.64392
9340023,Plant,2,1649127731,19.71155945
5633991,Plant,5,1649127731,36.43588871457799
11282923,Aquatic,3,1649127731,105.6165
5453294,Aquatic,0,1649127713,42.2466
4619456,Plant,4,1649127710,24.64385
11063322,Plant,0,1649127710,21.1233
6990771,Plant,0,1649127704,24.64385
11185186,Aquatic,0,1649127704,99.98362
4629940,Beast,1,1649127683,21.82741
2692780,Aquatic,3,1649127680,25.929023599225697
11094190,Mech,2,1649127677,46.823315
11197725,Mech,3,1649127668,64.93443242000001
3958274,Plant,4,1649127656,24.291795
11296455,Mech,0,1649127602,80.97265
11249063,Plant,3,1649127602,84.4932
10973703,Aquatic,5,1649127602,116.17815
6650036,Plant,2,1649127596,20.74288501388889
1505485,Bird,2,1649127596,19.01097
7724907,Plant,1,1649127575,19.71508
3371934,Reptile,3,1649127575,24.64385
9340023,Plant,2,1649127731,19.71155945
5633991,Plant,5,1649127731,36.43588871457799
11282923,Aquatic,3,1649127731,105.6165
5453294,Aquatic,0,1649127713,42.2466
4619456,Plant,4,1649127710,24.64385
11063322,Plant,0,1649127710,21.1233
6990771,Plant,0,1649127704,24.64385
11185186,Aquatic,0,1649127704,99.98362
4629940,Beast,1,1649127683,21.82741
2692780,Aquatic,3,1649127680,25.929023599225697
11094190,Mech,2,1649127677,46.823315
11197725,Mech,3,1649127668,64.93443242000001
3958274,Plant,4,1649127656,24.291795
11296455,Mech,0,1649127602,80.97265
11249063,Plant,3,1649127602,84.4932
10973703,Aquatic,5,1649127602,116.17815
6650036,Plant,2,1649127596,20.74288501388889
1505485,Bird,2,1649127596,19.01097
7724907,Plant,1,1649127575,19.71508
3371934,Reptile,3,1649127575,24.64385
9340023,Plant,2,1649127731,19.71155945
5633991,Plant,5,1649127731,36.43588871457799
11282923,Aquatic,3,1649127731,105.6165
5453294,Aquatic,0,1649127713,42.2466
4619456,Plant,4,1649127710,24.64385
11063322,Plant,0,1649127710,21.1233
6990771,Plant,0,1649127704,24.64385
11185186,Aquatic,0,1649127704,99.98362
4629940,Beast,1,1649127683,21.82741
2692780,Aquatic,3,1649127680,25.929023599225697
11094190,Mech,2,1649127677,46.823315
11197725,Mech,3,1649127668,64.93443242000001
3958274,Plant,4,1649127656,24.291795
11296455,Mech,0,1649127602,80.97265
11249063,Plant,3,1649127602,84.4932
10973703,Aquatic,5,1649127602,116.17815
6650036,Plant,2,1649127596,20.74288501388889
1505485,Bird,2,1649127596,19.01097
7724907,Plant,1,1649127575,19.71508
3371934,Reptile,3,1649127575,24.64385
9340023,Plant,2,1649127731,19.71155945
5633991,Plant,5,1649127731,36.43588871457799
11282923,Aquatic,3,1649127731,105.6165
5453294,Aquatic,0,1649127713,42.2466
4619456,Plant,4,1649127710,24.64385
11063322,Plant,0,1649127710,21.1233
6990771,Plant,0,1649127704,24.64385
11185186,Aquatic,0,1649127704,99.98362
4629940,Beast,1,1649127683,21.82741
2692780,Aquatic,3,1649127680,25.929023599225697
11094190,Mech,2,1649127677,46.823315
11197725,Mech,3,1649127668,64.93443242000001
3958274,Plant,4,1649127656,24.291795
11296455,Mech,0,1649127602,80.97265
11249063,Plant,3,1649127602,84.4932
10973703,Aquatic,5,1649127602,116.17815
6650036,Plant,2,1649127596,20.74288501388889
1505485,Bird,2,1649127596,19.01097
7724907,Plant,1,1649127575,19.71508
3371934,Reptile,3,1649127575,24.64385
9340023,Plant,2,1649127731,19.71010371
5633991,Plant,5,1649127731,36.43319784779133
11282923,Aquatic,3,1649127731,105.6087
5453294,Aquatic,0,1649127713,42.24348
4619456,Plant,4,1649127710,24.64203
11063322,Plant,0,1649127710,21.12174
6990771,Plant,0,1649127704,24.64203
11185186,Aquatic,0,1649127704,99.976236
4629940,Beast,1,1649127683,21.825798
2692780,Aquatic,3,1649127680,25.927108686460418
11094190,Mech,2,1649127677,46.819857
11197725,Mech,3,1649127668,64.929636876
3958274,Plant,4,1649127656,24.290001
11296455,Mech,0,1649127602,80.96667
11249063,Plant,3,1649127602,84.48696
10973703,Aquatic,5,1649127602,116.16957
6650036,Plant,2,1649127596,20.741353108333335
1505485,Bird,2,1649127596,19.009566
7724907,Plant,1,1649127575,19.713624
3371934,Reptile,3,1649127575,24.64203
9340023,Plant,2,1649127731,19.71010371
5633991,Plant,5,1649127731,36.43319784779133
11282923,Aquatic,3,1649127731,105.6087
5453294,Aquatic,0,1649127713,42.24348
4619456,Plant,4,1649127710,24.64203
11063322,Plant,0,1649127710,21.12174
6990771,Plant,0,1649127704,24.64203
11185186,Aquatic,0,1649127704,99.976236
4629940,Beast,1,1649127683,21.825798
2692780,Aquatic,3,1649127680,25.927108686460418
11094190,Mech,2,1649127677,46.819857
11197725,Mech,3,1649127668,64.929636876
3958274,Plant,4,1649127656,24.290001
11296455,Mech,0,1649127602,80.96667
11249063,Plant,3,1649127602,84.48696
10973703,Aquatic,5,1649127602,116.16957
6650036,Plant,2,1649127596,20.741353108333335
1505485,Bird,2,1649127596,19.009566
7724907,Plant,1,1649127575,19.713624
3371934,Reptile,3,1649127575,24.64203
9340023,Plant,2,1649127731,19.710047720000002
5633991,Plant,5,1649127731,36.433094352914914
11282923,Aquatic,3,1649127731,105.6084
5453294,Aquatic,0,1649127713,42.24336
4619456,Plant,4,1649127710,24.64196
11063322,Plant,0,1649127710,21.12168
6990771,Plant,0,1649127704,24.64196
11185186,Aquatic,0,1649127704,99.975952
4629940,Beast,1,1649127683,21.825736000000003
2692780,Aquatic,3,1649127680,25.92703503596945
11094190,Mech,2,1649127677,46.819724
11197725,Mech,3,1649127668,64.929452432
3958274,Plant,4,1649127656,24.289932
11296455,Mech,0,1649127602,80.96644
11249063,Plant,3,1649127602,84.48672
10973703,Aquatic,5,1649127602,116.16924
6650036,Plant,2,1649127596,20.741294188888894
1505485,Bird,2,1649127596,19.009512
7724907,Plant,1,1649127575,19.713568000000002
3371934,Reptile,3,1649127575,24.64196
557015,Bird,4,1649127752,17.6014
9340023,Plant,2,1649127731,19.710047720000002
5633991,Plant,5,1649127731,36.433094352914914
11282923,Aquatic,3,1649127731,105.6084
5453294,Aquatic,0,1649127713,42.24336
4619456,Plant,4,1649127710,24.64196
11063322,Plant,0,1649127710,21.12168
6990771,Plant,0,1649127704,24.64196
11185186,Aquatic,0,1649127704,99.975952
4629940,Beast,1,1649127683,21.825736000000003
2692780,Aquatic,3,1649127680,25.92703503596945
11094190,Mech,2,1649127677,46.819724
11197725,Mech,3,1649127668,64.929452432
3958274,Plant,4,1649127656,24.289932
11296455,Mech,0,1649127602,80.96644
11249063,Plant,3,1649127602,84.48672
10973703,Aquatic,5,1649127602,116.16924
6650036,Plant,2,1649127596,20.741294188888894
1505485,Bird,2,1649127596,19.009512
7724907,Plant,1,1649127575,19.713568000000002
557015,Bird,4,1649127752,17.6014
9340023,Plant,2,1649127731,19.710047720000002
5633991,Plant,5,1649127731,36.433094352914914
11282923,Aquatic,3,1649127731,105.6084
5453294,Aquatic,0,1649127713,42.24336
4619456,Plant,4,1649127710,24.64196
11063322,Plant,0,1649127710,21.12168
6990771,Plant,0,1649127704,24.64196
11185186,Aquatic,0,1649127704,99.975952
4629940,Beast,1,1649127683,21.825736000000003
2692780,Aquatic,3,1649127680,25.92703503596945
11094190,Mech,2,1649127677,46.819724
11197725,Mech,3,1649127668,64.929452432
3958274,Plant,4,1649127656,24.289932
11296455,Mech,0,1649127602,80.96644
11249063,Plant,3,1649127602,84.48672
10973703,Aquatic,5,1649127602,116.16924
6650036,Plant,2,1649127596,20.741294188888894
1505485,Bird,2,1649127596,19.009512
7724907,Plant,1,1649127575,19.713568000000002
557015,Bird,4,1649127752,17.6014
9340023,Plant,2,1649127731,19.710047720000002
5633991,Plant,5,1649127731,36.433094352914914
11282923,Aquatic,3,1649127731,105.6084
5453294,Aquatic,0,1649127713,42.24336
4619456,Plant,4,1649127710,24.64196
11063322,Plant,0,1649127710,21.12168
6990771,Plant,0,1649127704,24.64196
11185186,Aquatic,0,1649127704,99.975952
4629940,Beast,1,1649127683,21.825736000000003
2692780,Aquatic,3,1649127680,25.92703503596945
11094190,Mech,2,1649127677,46.819724
11197725,Mech,3,1649127668,64.929452432
3958274,Plant,4,1649127656,24.289932
11296455,Mech,0,1649127602,80.96644
11249063,Plant,3,1649127602,84.48672
10973703,Aquatic,5,1649127602,116.16924
6650036,Plant,2,1649127596,20.741294188888894
1505485,Bird,2,1649127596,19.009512
7724907,Plant,1,1649127575,19.713568000000002
557015,Bird,4,1649127752,17.6014
9340023,Plant,2,1649127731,19.710047720000002
5633991,Plant,5,1649127731,36.433094352914914
11282923,Aquatic,3,1649127731,105.6084
5453294,Aquatic,0,1649127713,42.24336
4619456,Plant,4,1649127710,24.64196
11063322,Plant,0,1649127710,21.12168
6990771,Plant,0,1649127704,24.64196
11185186,Aquatic,0,1649127704,99.975952
4629940,Beast,1,1649127683,21.825736000000003
2692780,Aquatic,3,1649127680,25.92703503596945
11094190,Mech,2,1649127677,46.819724
11197725,Mech,3,1649127668,64.929452432
3958274,Plant,4,1649127656,24.289932
11296455,Mech,0,1649127602,80.96644
11249063,Plant,3,1649127602,84.48672
10973703,Aquatic,5,1649127602,116.16924
6650036,Plant,2,1649127596,20.741294188888894
1505485,Bird,2,1649127596,19.009512
7724907,Plant,1,1649127575,19.713568000000002
557015,Bird,4,1649127752,17.6014
9340023,Plant,2,1649127731,19.710047720000002
5633991,Plant,5,1649127731,36.433094352914914
11282923,Aquatic,3,1649127731,105.6084
5453294,Aquatic,0,1649127713,42.24336
4619456,Plant,4,1649127710,24.64196
11063322,Plant,0,1649127710,21.12168
6990771,Plant,0,1649127704,24.64196
11185186,Aquatic,0,1649127704,99.975952
4629940,Beast,1,1649127683,21.825736000000003
2692780,Aquatic,3,1649127680,25.92703503596945
11094190,Mech,2,1649127677,46.819724
11197725,Mech,3,1649127668,64.929452432
3958274,Plant,4,1649127656,24.289932
11296455,Mech,0,1649127602,80.96644
11249063,Plant,3,1649127602,84.48672
10973703,Aquatic,5,1649127602,116.16924
6650036,Plant,2,1649127596,20.741294188888894
1505485,Bird,2,1649127596,19.009512
7724907,Plant,1,1649127575,19.713568000000002
11009815,Plant,3,1649127758,49.28168
557015,Bird,4,1649127752,17.6006
9340023,Plant,2,1649127731,19.70915188
5633991,Plant,5,1649127731,36.43143843489235
11282923,Aquatic,3,1649127731,105.6036
5453294,Aquatic,0,1649127713,42.24144
4619456,Plant,4,1649127710,24.64084
11063322,Plant,0,1649127710,21.12072
6990771,Plant,0,1649127704,24.64084
11185186,Aquatic,0,1649127704,99.971408
4629940,Beast,1,1649127683,21.824744
2692780,Aquatic,3,1649127680,25.92585662811389
11094190,Mech,2,1649127677,46.817596
11197725,Mech,3,1649127668,64.926501328
3958274,Plant,4,1649127656,24.288828
11296455,Mech,0,1649127602,80.96276
11249063,Plant,3,1649127602,84.48288
10973703,Aquatic,5,1649127602,116.16396
6650036,Plant,2,1649127596,20.74035147777778
1505485,Bird,2,1649127596,19.008648
11009815,Plant,3,1649127758,49.28168
557015,Bird,4,1649127752,17.6006
9340023,Plant,2,1649127731,19.70915188
5633991,Plant,5,1649127731,36.43143843489235
11282923,Aquatic,3,1649127731,105.6036
5453294,Aquatic,0,1649127713,42.24144
4619456,Plant,4,1649127710,24.64084
11063322,Plant,0,1649127710,21.12072
6990771,Plant,0,1649127704,24.64084
11185186,Aquatic,0,1649127704,99.971408
4629940,Beast,1,1649127683,21.824744
2692780,Aquatic,3,1649127680,25.92585662811389
11094190,Mech,2,1649127677,46.817596
11197725,Mech,3,1649127668,64.926501328
3958274,Plant,4,1649127656,24.288828
11296455,Mech,0,1649127602,80.96276
11249063,Plant,3,1649127602,84.48288
10973703,Aquatic,5,1649127602,116.16396
6650036,Plant,2,1649127596,20.74035147777778
1505485,Bird,2,1649127596,19.008648
11009815,Plant,3,1649127758,49.28168
557015,Bird,4,1649127752,17.6006
9340023,Plant,2,1649127731,19.70915188
5633991,Plant,5,1649127731,36.43143843489235
11282923,Aquatic,3,1649127731,105.6036
5453294,Aquatic,0,1649127713,42.24144
4619456,Plant,4,1649127710,24.64084
11063322,Plant,0,1649127710,21.12072
6990771,Plant,0,1649127704,24.64084
11185186,Aquatic,0,1649127704,99.971408
4629940,Beast,1,1649127683,21.824744
2692780,Aquatic,3,1649127680,25.92585662811389
11094190,Mech,2,1649127677,46.817596
11197725,Mech,3,1649127668,64.926501328
3958274,Plant,4,1649127656,24.288828
11296455,Mech,0,1649127602,80.96276
11249063,Plant,3,1649127602,84.48288
10973703,Aquatic,5,1649127602,116.16396
6650036,Plant,2,1649127596,20.74035147777778
1505485,Bird,2,1649127596,19.008648
11009815,Plant,3,1649127758,49.28168
557015,Bird,4,1649127752,17.6006
9340023,Plant,2,1649127731,19.70915188
5633991,Plant,5,1649127731,36.43143843489235
11282923,Aquatic,3,1649127731,105.6036
5453294,Aquatic,0,1649127713,42.24144
4619456,Plant,4,1649127710,24.64084
11063322,Plant,0,1649127710,21.12072
6990771,Plant,0,1649127704,24.64084
11185186,Aquatic,0,1649127704,99.971408
4629940,Beast,1,1649127683,21.824744
2692780,Aquatic,3,1649127680,25.92585662811389
11094190,Mech,2,1649127677,46.817596
11197725,Mech,3,1649127668,64.926501328
3958274,Plant,4,1649127656,24.288828
11296455,Mech,0,1649127602,80.96276
11249063,Plant,3,1649127602,84.48288
10973703,Aquatic,5,1649127602,116.16396
6650036,Plant,2,1649127596,20.74035147777778
1505485,Bird,2,1649127596,19.008648
11009815,Plant,3,1649127758,49.28168
557015,Bird,4,1649127752,17.6006
9340023,Plant,2,1649127731,19.70915188
5633991,Plant,5,1649127731,36.43143843489235
11282923,Aquatic,3,1649127731,105.6036
5453294,Aquatic,0,1649127713,42.24144
4619456,Plant,4,1649127710,24.64084
11063322,Plant,0,1649127710,21.12072
6990771,Plant,0,1649127704,24.64084
11185186,Aquatic,0,1649127704,99.971408
4629940,Beast,1,1649127683,21.824744
2692780,Aquatic,3,1649127680,25.92585662811389
11094190,Mech,2,1649127677,46.817596
11197725,Mech,3,1649127668,64.926501328
3958274,Plant,4,1649127656,24.288828
11296455,Mech,0,1649127602,80.96276
11249063,Plant,3,1649127602,84.48288
10973703,Aquatic,5,1649127602,116.16396
6650036,Plant,2,1649127596,20.74035147777778
1505485,Bird,2,1649127596,19.008648
11009815,Plant,3,1649127758,49.28168
557015,Bird,4,1649127752,17.6006
9340023,Plant,2,1649127731,19.70915188
5633991,Plant,5,1649127731,36.43143843489235
11282923,Aquatic,3,1649127731,105.6036
5453294,Aquatic,0,1649127713,42.24144
4619456,Plant,4,1649127710,24.64084
11063322,Plant,0,1649127710,21.12072
6990771,Plant,0,1649127704,24.64084
11185186,Aquatic,0,1649127704,99.971408
4629940,Beast,1,1649127683,21.824744
2692780,Aquatic,3,1649127680,25.92585662811389
11094190,Mech,2,1649127677,46.817596
11197725,Mech,3,1649127668,64.926501328
3958274,Plant,4,1649127656,24.288828
11296455,Mech,0,1649127602,80.96276
11249063,Plant,3,1649127602,84.48288
10973703,Aquatic,5,1649127602,116.16396
6650036,Plant,2,1649127596,20.74035147777778
1505485,Bird,2,1649127596,19.008648
1671275,Bird,2,1649127764,19.004382
11009815,Plant,3,1649127758,49.27062
557015,Bird,4,1649127752,17.59665
9340023,Plant,2,1649127731,19.704728669999998
5633991,Plant,5,1649127731,36.42326233965595
11282923,Aquatic,3,1649127731,105.5799
5453294,Aquatic,0,1649127713,42.23196
4619456,Plant,4,1649127710,24.63531
11063322,Plant,0,1649127710,21.11598
6990771,Plant,0,1649127704,24.63531
11185186,Aquatic,0,1649127704,99.948972
4629940,Beast,1,1649127683,21.819846
2692780,Aquatic,3,1649127680,25.920038239327084
11094190,Mech,2,1649127677,46.807089
11197725,Mech,3,1649127668,64.911930252
3958274,Plant,4,1649127656,24.283376999999998
11296455,Mech,0,1649127602,80.94459
11249063,Plant,3,1649127602,84.46392
10973703,Aquatic,5,1649127602,116.13789
6650036,Plant,2,1649127596,20.73569684166667
9953122,Plant,4,1649127884,47.519324999999995
5152524,Beast,3,1649127863,38.719449999999995
9091498,Beast,3,1649127839,35.1995
9027897,Plant,4,1649127839,20.063715
7838590,Aquatic,4,1649127839,29.943209997604168
5585190,Plant,0,1649127839,21.119699999999998
11164652,Bug,0,1649127839,40.444225499999995
10849520,Plant,2,1649127824,28.159599999999998
8562553,Mech,5,1649127812,24.553505166204506
1173865,Aquatic,1,1649127812,35.1995
7795642,Reptile,0,1649127779,20.02499555
1671275,Bird,2,1649127764,19.00773
11009815,Plant,3,1649127758,49.2793
557015,Bird,4,1649127752,17.59975
9340023,Plant,2,1649127731,19.70820005
5633991,Plant,5,1649127731,36.42967902199338
11282923,Aquatic,3,1649127731,105.5985
5453294,Aquatic,0,1649127713,42.239399999999996
4619456,Plant,4,1649127710,24.63965
11063322,Plant,0,1649127710,21.119699999999998
9953122,Plant,4,1649127884,47.51946
5152524,Beast,3,1649127863,38.71956
9091498,Beast,3,1649127839,35.199600000000004
9027897,Plant,4,1649127839,20.063772
7838590,Aquatic,4,1649127839,29.943295064750004
5585190,Plant,0,1649127839,21.11976
11164652,Bug,0,1649127839,40.4443404
10849520,Plant,2,1649127824,28.15968
8562553,Mech,5,1649127812,24.55357492147139
1173865,Aquatic,1,1649127812,35.199600000000004
7795642,Reptile,0,1649127779,20.02505244
1671275,Bird,2,1649127764,19.007784
11009815,Plant,3,1649127758,49.27944
557015,Bird,4,1649127752,17.599800000000002
9340023,Plant,2,1649127731,19.708256040000002
5633991,Plant,5,1649127731,36.42978251686979
11282923,Aquatic,3,1649127731,105.5988
5453294,Aquatic,0,1649127713,42.23952
4619456,Plant,4,1649127710,24.63972
11063322,Plant,0,1649127710,21.11976
9953122,Plant,4,1649127884,47.51946
5152524,Beast,3,1649127863,38.71956
9091498,Beast,3,1649127839,35.199600000000004
9027897,Plant,4,1649127839,20.063772
7838590,Aquatic,4,1649127839,29.943295064750004
5585190,Plant,0,1649127839,21.11976
11164652,Bug,0,1649127839,40.4443404
10849520,Plant,2,1649127824,28.15968
8562553,Mech,5,1649127812,24.55357492147139
1173865,Aquatic,1,1649127812,35.199600000000004
7795642,Reptile,0,1649127779,20.02505244
1671275,Bird,2,1649127764,19.007784
11009815,Plant,3,1649127758,49.27944
557015,Bird,4,1649127752,17.599800000000002
9340023,Plant,2,1649127731,19.708256040000002
5633991,Plant,5,1649127731,36.42978251686979
11282923,Aquatic,3,1649127731,105.5988
5453294,Aquatic,0,1649127713,42.23952
4619456,Plant,4,1649127710,24.63972
11063322,Plant,0,1649127710,21.11976
9953122,Plant,4,1649127884,47.51946
5152524,Beast,3,1649127863,38.71956
9091498,Beast,3,1649127839,35.199600000000004
9027897,Plant,4,1649127839,20.063772
7838590,Aquatic,4,1649127839,29.943295064750004
5585190,Plant,0,1649127839,21.11976
11164652,Bug,0,1649127839,40.4443404
10849520,Plant,2,1649127824,28.15968
8562553,Mech,5,1649127812,24.55357492147139
1173865,Aquatic,1,1649127812,35.199600000000004
7795642,Reptile,0,1649127779,20.02505244
1671275,Bird,2,1649127764,19.007784
11009815,Plant,3,1649127758,49.27944
557015,Bird,4,1649127752,17.599800000000002
9340023,Plant,2,1649127731,19.708256040000002
5633991,Plant,5,1649127731,36.42978251686979
11282923,Aquatic,3,1649127731,105.5988
5453294,Aquatic,0,1649127713,42.23952
4619456,Plant,4,1649127710,24.63972
11063322,Plant,0,1649127710,21.11976
9953122,Plant,4,1649127884,47.51946
5152524,Beast,3,1649127863,38.71956
9091498,Beast,3,1649127839,35.199600000000004
9027897,Plant,4,1649127839,20.063772
7838590,Aquatic,4,1649127839,29.943295064750004
5585190,Plant,0,1649127839,21.11976
11164652,Bug,0,1649127839,40.4443404
10849520,Plant,2,1649127824,28.15968
8562553,Mech,5,1649127812,24.55357492147139
1173865,Aquatic,1,1649127812,35.199600000000004
7795642,Reptile,0,1649127779,20.02505244
1671275,Bird,2,1649127764,19.007784
11009815,Plant,3,1649127758,49.27944
557015,Bird,4,1649127752,17.599800000000002
9340023,Plant,2,1649127731,19.708256040000002
5633991,Plant,5,1649127731,36.42978251686979
11282923,Aquatic,3,1649127731,105.5988
5453294,Aquatic,0,1649127713,42.23952
4619456,Plant,4,1649127710,24.63972
11063322,Plant,0,1649127710,21.11976
9953122,Plant,4,1649127884,47.51946
5152524,Beast,3,1649127863,38.71956
9091498,Beast,3,1649127839,35.199600000000004
9027897,Plant,4,1649127839,20.063772
7838590,Aquatic,4,1649127839,29.943295064750004
5585190,Plant,0,1649127839,21.11976
11164652,Bug,0,1649127839,40.4443404
10849520,Plant,2,1649127824,28.15968
8562553,Mech,5,1649127812,24.55357492147139
1173865,Aquatic,1,1649127812,35.199600000000004
7795642,Reptile,0,1649127779,20.02505244
1671275,Bird,2,1649127764,19.007784
11009815,Plant,3,1649127758,49.27944
557015,Bird,4,1649127752,17.599800000000002
9340023,Plant,2,1649127731,19.708256040000002
5633991,Plant,5,1649127731,36.42978251686979
11282923,Aquatic,3,1649127731,105.5988
5453294,Aquatic,0,1649127713,42.23952
4619456,Plant,4,1649127710,24.63972
11063322,Plant,0,1649127710,21.11976
5785410,Reptile,1,1649127917,19.370395
10958863,Mech,3,1649127911,50.715216
9953122,Plant,4,1649127884,47.545515
5152524,Beast,3,1649127863,38.74079
9091498,Beast,3,1649127839,35.2189
9027897,Plant,4,1649127839,20.074773
7838590,Aquatic,4,1649127839,29.959713023895834
5585190,Plant,0,1649127839,21.131339999999998
11164652,Bug,0,1649127839,40.4665161
10849520,Plant,2,1649127824,28.17512
8562553,Mech,5,1649127812,24.567037687979656
1173865,Aquatic,1,1649127812,35.2189
7795642,Reptile,0,1649127779,20.03603221
1671275,Bird,2,1649127764,19.018206
11009815,Plant,3,1649127758,49.30646
557015,Bird,4,1649127752,17.60945
9340023,Plant,2,1649127731,19.71906211
5633991,Plant,5,1649127731,36.44975702801695
11282923,Aquatic,3,1649127731,105.6567
5453294,Aquatic,0,1649127713,42.262679999999996
5785410,Reptile,1,1649127917,19.370395
10958863,Mech,3,1649127911,50.715216
9953122,Plant,4,1649127884,47.545515
5152524,Beast,3,1649127863,38.74079
9091498,Beast,3,1649127839,35.2189
9027897,Plant,4,1649127839,20.074773
7838590,Aquatic,4,1649127839,29.959713023895834
5585190,Plant,0,1649127839,21.131339999999998
11164652,Bug,0,1649127839,40.4665161
10849520,Plant,2,1649127824,28.17512
8562553,Mech,5,1649127812,24.567037687979656
1173865,Aquatic,1,1649127812,35.2189
7795642,Reptile,0,1649127779,20.03603221
1671275,Bird,2,1649127764,19.018206
11009815,Plant,3,1649127758,49.30646
557015,Bird,4,1649127752,17.60945
9340023,Plant,2,1649127731,19.71906211
5633991,Plant,5,1649127731,36.44975702801695
11282923,Aquatic,3,1649127731,105.6567
5453294,Aquatic,0,1649127713,42.262679999999996
5559785,Aquatic,2,1649127938,19.793021799999998
5785410,Reptile,1,1649127917,19.370395
10958863,Mech,3,1649127911,50.715216
9953122,Plant,4,1649127884,47.545515
5152524,Beast,3,1649127863,38.74079
9091498,Beast,3,1649127839,35.2189
9027897,Plant,4,1649127839,20.074773
7838590,Aquatic,4,1649127839,29.959713023895834
5585190,Plant,0,1649127839,21.131339999999998
11164652,Bug,0,1649127839,40.4665161
10849520,Plant,2,1649127824,28.17512
8562553,Mech,5,1649127812,24.567037687979656
1173865,Aquatic,1,1649127812,35.2189
7795642,Reptile,0,1649127779,20.03603221
1671275,Bird,2,1649127764,19.018206
11009815,Plant,3,1649127758,49.30646
557015,Bird,4,1649127752,17.60945
9340023,Plant,2,1649127731,19.71906211
5633991,Plant,5,1649127731,36.44975702801695
11282923,Aquatic,3,1649127731,105.6567
5559785,Aquatic,2,1649127938,19.793021799999998
5785410,Reptile,1,1649127917,19.370395
10958863,Mech,3,1649127911,50.715216
9953122,Plant,4,1649127884,47.545515
5152524,Beast,3,1649127863,38.74079
9091498,Beast,3,1649127839,35.2189
9027897,Plant,4,1649127839,20.074773
7838590,Aquatic,4,1649127839,29.959713023895834
5585190,Plant,0,1649127839,21.131339999999998
11164652,Bug,0,1649127839,40.4665161
10849520,Plant,2,1649127824,28.17512
8562553,Mech,5,1649127812,24.567037687979656
1173865,Aquatic,1,1649127812,35.2189
7795642,Reptile,0,1649127779,20.03603221
1671275,Bird,2,1649127764,19.018206
11009815,Plant,3,1649127758,49.30646
557015,Bird,4,1649127752,17.60945
9340023,Plant,2,1649127731,19.71906211
5633991,Plant,5,1649127731,36.44975702801695
11282923,Aquatic,3,1649127731,105.6567
5559785,Aquatic,2,1649127938,19.793021799999998
5785410,Reptile,1,1649127917,19.370395
10958863,Mech,3,1649127911,50.715216
9953122,Plant,4,1649127884,47.545515
5152524,Beast,3,1649127863,38.74079
9091498,Beast,3,1649127839,35.2189
9027897,Plant,4,1649127839,20.074773
7838590,Aquatic,4,1649127839,29.959713023895834
5585190,Plant,0,1649127839,21.131339999999998
11164652,Bug,0,1649127839,40.4665161
10849520,Plant,2,1649127824,28.17512
8562553,Mech,5,1649127812,24.567037687979656
1173865,Aquatic,1,1649127812,35.2189
7795642,Reptile,0,1649127779,20.03603221
1671275,Bird,2,1649127764,19.018206
11009815,Plant,3,1649127758,49.30646
557015,Bird,4,1649127752,17.60945
9340023,Plant,2,1649127731,19.71906211
5633991,Plant,5,1649127731,36.44975702801695
11282923,Aquatic,3,1649127731,105.6567
4107458,Aquatic,0,1649127944,27.01284161351852
3706394,Aquatic,3,1649127944,36.796492864583335
3309159,Plant,0,1649127944,28.16816
3216456,Aquatic,4,1649127944,24.64714
10293821,Plant,3,1649127944,47.53377
5559785,Aquatic,2,1649127938,19.7881324
5785410,Reptile,1,1649127917,19.36561
10958863,Mech,3,1649127911,50.702688
9953122,Plant,4,1649127884,47.53377
5152524,Beast,3,1649127863,38.73122
9091498,Beast,3,1649127839,35.2102
9027897,Plant,4,1649127839,20.069814
7838590,Aquatic,4,1649127839,29.952312182208335
5585190,Plant,0,1649127839,21.12612
11164652,Bug,0,1649127839,40.4565198
10849520,Plant,2,1649127824,28.16816
8562553,Mech,5,1649127812,24.560968979760904
1173865,Aquatic,1,1649127812,35.2102
7795642,Reptile,0,1649127779,20.03108278
1671275,Bird,2,1649127764,19.013508
4107458,Aquatic,0,1649127944,27.01284161351852
3706394,Aquatic,3,1649127944,36.796492864583335
3309159,Plant,0,1649127944,28.16816
3216456,Aquatic,4,1649127944,24.64714
10293821,Plant,3,1649127944,47.53377
5559785,Aquatic,2,1649127938,19.7881324
5785410,Reptile,1,1649127917,19.36561
10958863,Mech,3,1649127911,50.702688
9953122,Plant,4,1649127884,47.53377
5152524,Beast,3,1649127863,38.73122
9091498,Beast,3,1649127839,35.2102
9027897,Plant,4,1649127839,20.069814
7838590,Aquatic,4,1649127839,29.952312182208335
5585190,Plant,0,1649127839,21.12612
11164652,Bug,0,1649127839,40.4565198
10849520,Plant,2,1649127824,28.16816
8562553,Mech,5,1649127812,24.560968979760904
1173865,Aquatic,1,1649127812,35.2102
7795642,Reptile,0,1649127779,20.03108278
1671275,Bird,2,1649127764,19.013508
4107458,Aquatic,0,1649127944,27.01514317740741
3706394,Aquatic,3,1649127944,36.79962802083334
3309159,Plant,0,1649127944,28.170560000000002
3216456,Aquatic,4,1649127944,24.649240000000002
10293821,Plant,3,1649127944,47.53782
5559785,Aquatic,2,1649127938,19.7898184
5785410,Reptile,1,1649127917,19.36726
10958863,Mech,3,1649127911,50.707008
9953122,Plant,4,1649127884,47.53782
5152524,Beast,3,1649127863,38.73452
9091498,Beast,3,1649127839,35.2132
9027897,Plant,4,1649127839,20.071524
7838590,Aquatic,4,1649127839,29.954864196583337
5585190,Plant,0,1649127839,21.12792
11164652,Bug,0,1649127839,40.459966800000004
10849520,Plant,2,1649127824,28.170560000000002
8562553,Mech,5,1649127812,24.563061637767373
1173865,Aquatic,1,1649127812,35.2132
7795642,Reptile,0,1649127779,20.03278948
1671275,Bird,2,1649127764,19.015128
4107458,Aquatic,0,1649127944,27.01514317740741
3706394,Aquatic,3,1649127944,36.79962802083334
3309159,Plant,0,1649127944,28.170560000000002
3216456,Aquatic,4,1649127944,24.649240000000002
10293821,Plant,3,1649127944,47.53782
5559785,Aquatic,2,1649127938,19.7898184
5785410,Reptile,1,1649127917,19.36726
10958863,Mech,3,1649127911,50.707008
9953122,Plant,4,1649127884,47.53782
5152524,Beast,3,1649127863,38.73452
9091498,Beast,3,1649127839,35.2132
9027897,Plant,4,1649127839,20.071524
7838590,Aquatic,4,1649127839,29.954864196583337
5585190,Plant,0,1649127839,21.12792
11164652,Bug,0,1649127839,40.459966800000004
10849520,Plant,2,1649127824,28.170560000000002
8562553,Mech,5,1649127812,24.563061637767373
1173865,Aquatic,1,1649127812,35.2132
7795642,Reptile,0,1649127779,20.03278948
1671275,Bird,2,1649127764,19.015128
4107458,Aquatic,0,1649127944,27.01514317740741
3706394,Aquatic,3,1649127944,36.79962802083334
3309159,Plant,0,1649127944,28.170560000000002
3216456,Aquatic,4,1649127944,24.649240000000002
10293821,Plant,3,1649127944,47.53782
5559785,Aquatic,2,1649127938,19.7898184
5785410,Reptile,1,1649127917,19.36726
10958863,Mech,3,1649127911,50.707008
9953122,Plant,4,1649127884,47.53782
5152524,Beast,3,1649127863,38.73452
9091498,Beast,3,1649127839,35.2132
9027897,Plant,4,1649127839,20.071524
7838590,Aquatic,4,1649127839,29.954864196583337
5585190,Plant,0,1649127839,21.12792
11164652,Bug,0,1649127839,40.459966800000004
10849520,Plant,2,1649127824,28.170560000000002
8562553,Mech,5,1649127812,24.563061637767373
1173865,Aquatic,1,1649127812,35.2132
7795642,Reptile,0,1649127779,20.03278948
1671275,Bird,2,1649127764,19.015128
387770,Beast,4,1649127959,29.931645
4107458,Aquatic,0,1649127944,27.01552677138889
3706394,Aquatic,3,1649127944,36.800150546875
3309159,Plant,0,1649127944,28.17096
3216456,Aquatic,4,1649127944,24.64959
10293821,Plant,3,1649127944,47.538495
5559785,Aquatic,2,1649127938,19.7900994
5785410,Reptile,1,1649127917,19.367535
10958863,Mech,3,1649127911,50.707727999999996
9953122,Plant,4,1649127884,47.538495
5152524,Beast,3,1649127863,38.73507
9091498,Beast,3,1649127839,35.213699999999996
9027897,Plant,4,1649127839,20.071809
7838590,Aquatic,4,1649127839,29.955289532312502
5585190,Plant,0,1649127839,21.12822
11164652,Bug,0,1649127839,40.460541299999996
10849520,Plant,2,1649127824,28.17096
8562553,Mech,5,1649127812,24.56341041410178
1173865,Aquatic,1,1649127812,35.213699999999996
7795642,Reptile,0,1649127779,20.03307393
3860337,Plant,1,1649127965,19.16329554
10868361,Plant,2,1649127965,47.342706828
387770,Beast,4,1649127959,29.931645
4107458,Aquatic,0,1649127944,27.01552677138889
3706394,Aquatic,3,1649127944,36.800150546875
3309159,Plant,0,1649127944,28.17096
3216456,Aquatic,4,1649127944,24.64959
10293821,Plant,3,1649127944,47.538495
5559785,Aquatic,2,1649127938,19.7900994
5785410,Reptile,1,1649127917,19.367535
10958863,Mech,3,1649127911,50.707727999999996
9953122,Plant,4,1649127884,47.538495
5152524,Beast,3,1649127863,38.73507
9091498,Beast,3,1649127839,35.213699999999996
9027897,Plant,4,1649127839,20.071809
7838590,Aquatic,4,1649127839,29.955289532312502
5585190,Plant,0,1649127839,21.12822
11164652,Bug,0,1649127839,40.460541299999996
10849520,Plant,2,1649127824,28.17096
8562553,Mech,5,1649127812,24.56341041410178
3860337,Plant,1,1649127965,19.16569002
10868361,Plant,2,1649127965,47.348622364
387770,Beast,4,1649127959,29.935385
4107458,Aquatic,0,1649127944,27.018902398425926
3706394,Aquatic,3,1649127944,36.80474877604167
3309159,Plant,0,1649127944,28.17448
3216456,Aquatic,4,1649127944,24.65267
10293821,Plant,3,1649127944,47.544435
5559785,Aquatic,2,1649127938,19.7925722
5785410,Reptile,1,1649127917,19.369955
10958863,Mech,3,1649127911,50.714064
9953122,Plant,4,1649127884,47.544435
5152524,Beast,3,1649127863,38.73991
9091498,Beast,3,1649127839,35.2181
9027897,Plant,4,1649127839,20.074317
7838590,Aquatic,4,1649127839,29.959032486729168
5585190,Plant,0,1649127839,21.13086
11164652,Bug,0,1649127839,40.4655969
10849520,Plant,2,1649127824,28.17448
8562553,Mech,5,1649127812,24.5664796458446
3860337,Plant,1,1649127965,19.16569002
10868361,Plant,2,1649127965,47.348622364
387770,Beast,4,1649127959,29.935385
4107458,Aquatic,0,1649127944,27.018902398425926
3706394,Aquatic,3,1649127944,36.80474877604167
3309159,Plant,0,1649127944,28.17448
3216456,Aquatic,4,1649127944,24.65267
10293821,Plant,3,1649127944,47.544435
5559785,Aquatic,2,1649127938,19.7925722
5785410,Reptile,1,1649127917,19.369955
10958863,Mech,3,1649127911,50.714064
9953122,Plant,4,1649127884,47.544435
5152524,Beast,3,1649127863,38.73991
9091498,Beast,3,1649127839,35.2181
9027897,Plant,4,1649127839,20.074317
7838590,Aquatic,4,1649127839,29.959032486729168
5585190,Plant,0,1649127839,21.13086
11164652,Bug,0,1649127839,40.4655969
10849520,Plant,2,1649127824,28.17448
8562553,Mech,5,1649127812,24.5664796458446
6046255,Aquatic,4,1649127971,24.584015868929104
4903063,Reptile,5,1649127971,19.793359
3192658,Beast,3,1649127971,42.2634
10168268,Aquatic,0,1649127971,88.04875
3860337,Plant,1,1649127965,19.1664519
10868361,Plant,2,1649127965,47.35050458
387770,Beast,4,1649127959,29.936574999999998
4107458,Aquatic,0,1649127944,27.019976461574075
3706394,Aquatic,3,1649127944,36.806211848958334
3309159,Plant,0,1649127944,28.1756
3216456,Aquatic,4,1649127944,24.65365
10293821,Plant,3,1649127944,47.546324999999996
5559785,Aquatic,2,1649127938,19.793359
5785410,Reptile,1,1649127917,19.370725
10958863,Mech,3,1649127911,50.71608
9953122,Plant,4,1649127884,47.546324999999996
5152524,Beast,3,1649127863,38.74145
9091498,Beast,3,1649127839,35.2195
9027897,Plant,4,1649127839,20.075115
7838590,Aquatic,4,1649127839,29.960223426770835
6046255,Aquatic,4,1649127971,24.584574287211456
4903063,Reptile,5,1649127971,19.793808600000002
3192658,Beast,3,1649127971,42.26436
10168268,Aquatic,0,1649127971,88.05075000000001
3860337,Plant,1,1649127965,19.16688726
10868361,Plant,2,1649127965,47.351580132
387770,Beast,4,1649127959,29.937255
4107458,Aquatic,0,1649127944,27.020590211944448
3706394,Aquatic,3,1649127944,36.80704789062501
3309159,Plant,0,1649127944,28.17624
3216456,Aquatic,4,1649127944,24.654210000000003
10293821,Plant,3,1649127944,47.547405000000005
5559785,Aquatic,2,1649127938,19.793808600000002
5785410,Reptile,1,1649127917,19.371165
10958863,Mech,3,1649127911,50.717232
9953122,Plant,4,1649127884,47.547405000000005
5152524,Beast,3,1649127863,38.74233
9091498,Beast,3,1649127839,35.2203
9027897,Plant,4,1649127839,20.075571
7838590,Aquatic,4,1649127839,29.960903963937504
6046255,Aquatic,4,1649127971,24.584574287211456
4903063,Reptile,5,1649127971,19.793808600000002
3192658,Beast,3,1649127971,42.26436
10168268,Aquatic,0,1649127971,88.05075000000001
3860337,Plant,1,1649127965,19.16688726
10868361,Plant,2,1649127965,47.351580132
387770,Beast,4,1649127959,29.937255
4107458,Aquatic,0,1649127944,27.020590211944448
3706394,Aquatic,3,1649127944,36.80704789062501
3309159,Plant,0,1649127944,28.17624
3216456,Aquatic,4,1649127944,24.654210000000003
10293821,Plant,3,1649127944,47.547405000000005
5559785,Aquatic,2,1649127938,19.793808600000002
5785410,Reptile,1,1649127917,19.371165
10958863,Mech,3,1649127911,50.717232
9953122,Plant,4,1649127884,47.547405000000005
5152524,Beast,3,1649127863,38.74233
9091498,Beast,3,1649127839,35.2203
9027897,Plant,4,1649127839,20.075571
7838590,Aquatic,4,1649127839,29.960903963937504
6046255,Aquatic,4,1649127971,24.58450448492616
4903063,Reptile,5,1649127971,19.7937524
3192658,Beast,3,1649127971,42.26424
10168268,Aquatic,0,1649127971,88.0505
3860337,Plant,1,1649127965,19.16683284
10868361,Plant,2,1649127965,47.351445688
387770,Beast,4,1649127959,29.93717
4107458,Aquatic,0,1649127944,27.02051349314815
3706394,Aquatic,3,1649127944,36.806943385416666
3309159,Plant,0,1649127944,28.17616
3216456,Aquatic,4,1649127944,24.654139999999998
10293821,Plant,3,1649127944,47.54727
5559785,Aquatic,2,1649127938,19.7937524
5785410,Reptile,1,1649127917,19.37111
10958863,Mech,3,1649127911,50.717088
9953122,Plant,4,1649127884,47.54727
5152524,Beast,3,1649127863,38.74222
9091498,Beast,3,1649127839,35.2202
9027897,Plant,4,1649127839,20.075514
7838590,Aquatic,4,1649127839,29.960818896791668
6046255,Aquatic,4,1649127971,24.592880759161375
4903063,Reptile,5,1649127971,19.8004964
3192658,Beast,3,1649127971,42.278639999999996
10168268,Aquatic,0,1649127971,88.0805
3860337,Plant,1,1649127965,19.17336324
10868361,Plant,2,1649127965,47.367578968
387770,Beast,4,1649127959,29.94737
4107458,Aquatic,0,1649127944,27.0297197487037
3706394,Aquatic,3,1649127944,36.819484010416666
3309159,Plant,0,1649127944,28.18576
3216456,Aquatic,4,1649127944,24.66254
10293821,Plant,3,1649127944,47.563469999999995
5559785,Aquatic,2,1649127938,19.8004964
5785410,Reptile,1,1649127917,19.37771
10958863,Mech,3,1649127911,50.734367999999996
9953122,Plant,4,1649127884,47.563469999999995
5152524,Beast,3,1649127863,38.75542
9091498,Beast,3,1649127839,35.2322
9027897,Plant,4,1649127839,20.082354
7838590,Aquatic,4,1649127839,29.971026954291666
6046255,Aquatic,4,1649127971,24.591484713455504
4903063,Reptile,5,1649127971,19.7993724
3192658,Beast,3,1649127971,42.27624
10168268,Aquatic,0,1649127971,88.0755
3860337,Plant,1,1649127965,19.17227484
10868361,Plant,2,1649127965,47.364890088
387770,Beast,4,1649127959,29.94567
4107458,Aquatic,0,1649127944,27.028185372777777
3706394,Aquatic,3,1649127944,36.817393906250004
3309159,Plant,0,1649127944,28.18416
3216456,Aquatic,4,1649127944,24.66114
10293821,Plant,3,1649127944,47.56077
5559785,Aquatic,2,1649127938,19.7993724
5785410,Reptile,1,1649127917,19.37661
10958863,Mech,3,1649127911,50.731488
9953122,Plant,4,1649127884,47.56077
5152524,Beast,3,1649127863,38.75322
9091498,Beast,3,1649127839,35.230199999999996
9027897,Plant,4,1649127839,20.081214
7838590,Aquatic,4,1649127839,29.969325611375
6046255,Aquatic,4,1649127971,24.592880759161375
4903063,Reptile,5,1649127971,19.8004964
3192658,Beast,3,1649127971,42.278639999999996
10168268,Aquatic,0,1649127971,88.0805
3860337,Plant,1,1649127965,19.17336324
10868361,Plant,2,1649127965,47.367578968
387770,Beast,4,1649127959,29.94737
4107458,Aquatic,0,1649127944,27.0297197487037
3706394,Aquatic,3,1649127944,36.819484010416666
3309159,Plant,0,1649127944,28.18576
3216456,Aquatic,4,1649127944,24.66254
10293821,Plant,3,1649127944,47.563469999999995
5559785,Aquatic,2,1649127938,19.8004964
5785410,Reptile,1,1649127917,19.37771
10958863,Mech,3,1649127911,50.734367999999996
9953122,Plant,4,1649127884,47.563469999999995
5152524,Beast,3,1649127863,38.75542
9091498,Beast,3,1649127839,35.2322
9027897,Plant,4,1649127839,20.082354
7838590,Aquatic,4,1649127839,29.971026954291666
6046255,Aquatic,4,1649127971,24.592880759161375
4903063,Reptile,5,1649127971,19.8004964
3192658,Beast,3,1649127971,42.278639999999996
10168268,Aquatic,0,1649127971,88.0805
3860337,Plant,1,1649127965,19.17336324
10868361,Plant,2,1649127965,47.367578968
387770,Beast,4,1649127959,29.94737
4107458,Aquatic,0,1649127944,27.0297197487037
3706394,Aquatic,3,1649127944,36.819484010416666
3309159,Plant,0,1649127944,28.18576
3216456,Aquatic,4,1649127944,24.66254
10293821,Plant,3,1649127944,47.563469999999995
5559785,Aquatic,2,1649127938,19.8004964
5785410,Reptile,1,1649127917,19.37771
10958863,Mech,3,1649127911,50.734367999999996
9953122,Plant,4,1649127884,47.563469999999995
5152524,Beast,3,1649127863,38.75542
9091498,Beast,3,1649127839,35.2322
9027897,Plant,4,1649127839,20.082354
7838590,Aquatic,4,1649127839,29.971026954291666
6046255,Aquatic,4,1649127971,24.592950561446667
4903063,Reptile,5,1649127971,19.8005526
3192658,Beast,3,1649127971,42.27876
10168268,Aquatic,0,1649127971,88.08075
3860337,Plant,1,1649127965,19.17341766
10868361,Plant,2,1649127965,47.367713412
387770,Beast,4,1649127959,29.947455
4107458,Aquatic,0,1649127944,27.029796467500002
3706394,Aquatic,3,1649127944,36.819588515625
3309159,Plant,0,1649127944,28.18584
3216456,Aquatic,4,1649127944,24.66261
10293821,Plant,3,1649127944,47.563605
5559785,Aquatic,2,1649127938,19.8005526
5785410,Reptile,1,1649127917,19.377765
10958863,Mech,3,1649127911,50.734512
9953122,Plant,4,1649127884,47.563605
5152524,Beast,3,1649127863,38.75553
9091498,Beast,3,1649127839,35.2323
9027897,Plant,4,1649127839,20.082411
7838590,Aquatic,4,1649127839,29.971112021437502
4259876,Plant,2,1649127995,21.13938
6046255,Aquatic,4,1649127971,24.592950561446667
4903063,Reptile,5,1649127971,19.8005526
3192658,Beast,3,1649127971,42.27876
10168268,Aquatic,0,1649127971,88.08075
3860337,Plant,1,1649127965,19.17341766
10868361,Plant,2,1649127965,47.367713412
387770,Beast,4,1649127959,29.947455
4107458,Aquatic,0,1649127944,27.029796467500002
3706394,Aquatic,3,1649127944,36.819588515625
3309159,Plant,0,1649127944,28.18584
3216456,Aquatic,4,1649127944,24.66261
10293821,Plant,3,1649127944,47.563605
5559785,Aquatic,2,1649127938,19.8005526
5785410,Reptile,1,1649127917,19.377765
10958863,Mech,3,1649127911,50.734512
9953122,Plant,4,1649127884,47.563605
5152524,Beast,3,1649127863,38.75553
9091498,Beast,3,1649127839,35.2323
9027897,Plant,4,1649127839,20.082411
4259876,Plant,2,1649127995,21.13938
6046255,Aquatic,4,1649127971,24.592950561446667
4903063,Reptile,5,1649127971,19.8005526
3192658,Beast,3,1649127971,42.27876
10168268,Aquatic,0,1649127971,88.08075
3860337,Plant,1,1649127965,19.17341766
10868361,Plant,2,1649127965,47.367713412
387770,Beast,4,1649127959,29.947455
4107458,Aquatic,0,1649127944,27.029796467500002
3706394,Aquatic,3,1649127944,36.819588515625
3309159,Plant,0,1649127944,28.18584
3216456,Aquatic,4,1649127944,24.66261
10293821,Plant,3,1649127944,47.563605
5559785,Aquatic,2,1649127938,19.8005526
5785410,Reptile,1,1649127917,19.377765
10958863,Mech,3,1649127911,50.734512
9953122,Plant,4,1649127884,47.563605
5152524,Beast,3,1649127863,38.75553
9091498,Beast,3,1649127839,35.2323
9027897,Plant,4,1649127839,20.082411
4259876,Plant,2,1649127995,21.14022
6046255,Aquatic,4,1649127971,24.593927793440777
4903063,Reptile,5,1649127971,19.8013394
3192658,Beast,3,1649127971,42.28044
10168268,Aquatic,0,1649127971,88.08425
3860337,Plant,1,1649127965,19.17417954
10868361,Plant,2,1649127965,47.369595628
387770,Beast,4,1649127959,29.948645
4107458,Aquatic,0,1649127944,27.030870530648148
3706394,Aquatic,3,1649127944,36.82105158854167
3309159,Plant,0,1649127944,28.18696
3216456,Aquatic,4,1649127944,24.66359
10293821,Plant,3,1649127944,47.565495
5559785,Aquatic,2,1649127938,19.8013394
5785410,Reptile,1,1649127917,19.378535
10958863,Mech,3,1649127911,50.736528
9953122,Plant,4,1649127884,47.565495
5152524,Beast,3,1649127863,38.75707
9091498,Beast,3,1649127839,35.2337
9027897,Plant,4,1649127839,20.083209
4259876,Plant,2,1649127995,21.14016
6046255,Aquatic,4,1649127971,24.593857991155485
4903063,Reptile,5,1649127971,19.8012832
3192658,Beast,3,1649127971,42.28032
10168268,Aquatic,0,1649127971,88.084
3860337,Plant,1,1649127965,19.17412512
10868361,Plant,2,1649127965,47.369461184
387770,Beast,4,1649127959,29.94856
4107458,Aquatic,0,1649127944,27.030793811851854
3706394,Aquatic,3,1649127944,36.82094708333334
3309159,Plant,0,1649127944,28.186880000000002
3216456,Aquatic,4,1649127944,24.663520000000002
10293821,Plant,3,1649127944,47.56536
5559785,Aquatic,2,1649127938,19.8012832
5785410,Reptile,1,1649127917,19.37848
10958863,Mech,3,1649127911,50.736384
9953122,Plant,4,1649127884,47.56536
5152524,Beast,3,1649127863,38.75696
9091498,Beast,3,1649127839,35.2336
9027897,Plant,4,1649127839,20.083152000000002
4259876,Plant,2,1649127995,21.14016
6046255,Aquatic,4,1649127971,24.593857991155485
4903063,Reptile,5,1649127971,19.8012832
3192658,Beast,3,1649127971,42.28032
10168268,Aquatic,0,1649127971,88.084
3860337,Plant,1,1649127965,19.17412512
10868361,Plant,2,1649127965,47.369461184
387770,Beast,4,1649127959,29.94856
4107458,Aquatic,0,1649127944,27.030793811851854
3706394,Aquatic,3,1649127944,36.82094708333334
3309159,Plant,0,1649127944,28.186880000000002
3216456,Aquatic,4,1649127944,24.663520000000002
10293821,Plant,3,1649127944,47.56536
5559785,Aquatic,2,1649127938,19.8012832
5785410,Reptile,1,1649127917,19.37848
10958863,Mech,3,1649127911,50.736384
9953122,Plant,4,1649127884,47.56536
5152524,Beast,3,1649127863,38.75696
9091498,Beast,3,1649127839,35.2336
9027897,Plant,4,1649127839,20.083152000000002
4259876,Plant,2,1649127995,21.136020000000002
6046255,Aquatic,4,1649127971,24.589041633470234
4903063,Reptile,5,1649127971,19.7974054
3192658,Beast,3,1649127971,42.272040000000004
10168268,Aquatic,0,1649127971,88.06675
3860337,Plant,1,1649127965,19.17037014
10868361,Plant,2,1649127965,47.360184548
387770,Beast,4,1649127959,29.942695
4107458,Aquatic,0,1649127944,27.02550021490741
3706394,Aquatic,3,1649127944,36.81373622395834
3309159,Plant,0,1649127944,28.18136
3216456,Aquatic,4,1649127944,24.65869
10293821,Plant,3,1649127944,47.556045
5559785,Aquatic,2,1649127938,19.7974054
5785410,Reptile,1,1649127917,19.374685
10958863,Mech,3,1649127911,50.726448
9953122,Plant,4,1649127884,47.556045
5152524,Beast,3,1649127863,38.74937
9091498,Beast,3,1649127839,35.2267
9027897,Plant,4,1649127839,20.079219000000002
4259876,Plant,2,1649127995,21.13422
6046255,Aquatic,4,1649127971,24.58694756491143
4903063,Reptile,5,1649127971,19.7957194
3192658,Beast,3,1649127971,42.26844
10168268,Aquatic,0,1649127971,88.05924999999999
3860337,Plant,1,1649127965,19.16873754
10868361,Plant,2,1649127965,47.356151228
387770,Beast,4,1649127959,29.940144999999998
4107458,Aquatic,0,1649127944,27.023198651018518
3706394,Aquatic,3,1649127944,36.81060106770833
3309159,Plant,0,1649127944,28.17896
3216456,Aquatic,4,1649127944,24.656589999999998
10293821,Plant,3,1649127944,47.551995
5559785,Aquatic,2,1649127938,19.7957194
5785410,Reptile,1,1649127917,19.373034999999998
10958863,Mech,3,1649127911,50.722128
9953122,Plant,4,1649127884,47.551995
5152524,Beast,3,1649127863,38.746069999999996
9091498,Beast,3,1649127839,35.2237
9027897,Plant,4,1649127839,20.077509
4259876,Plant,2,1649127995,21.133020000000002
6046255,Aquatic,4,1649127971,24.585551519205563
4903063,Reptile,5,1649127971,19.794595400000002
3192658,Beast,3,1649127971,42.266040000000004
10168268,Aquatic,0,1649127971,88.05425
3860337,Plant,1,1649127965,19.16764914
10868361,Plant,2,1649127965,47.353462348
387770,Beast,4,1649127959,29.938445
4107458,Aquatic,0,1649127944,27.021664275092593
3706394,Aquatic,3,1649127944,36.80851096354167
3309159,Plant,0,1649127944,28.17736
3216456,Aquatic,4,1649127944,24.65519
10293821,Plant,3,1649127944,47.549295
5559785,Aquatic,2,1649127938,19.794595400000002
5785410,Reptile,1,1649127917,19.371935
10958863,Mech,3,1649127911,50.719248
9953122,Plant,4,1649127884,47.549295
5152524,Beast,3,1649127863,38.74387
9091498,Beast,3,1649127839,35.2217
9027897,Plant,4,1649127839,20.076369
10041018,Plant,2,1649128007,19.457628906909722
4259876,Plant,2,1649127995,21.133020000000002
6046255,Aquatic,4,1649127971,24.585551519205563
4903063,Reptile,5,1649127971,19.794595400000002
3192658,Beast,3,1649127971,42.266040000000004
10168268,Aquatic,0,1649127971,88.05425
3860337,Plant,1,1649127965,19.16764914
10868361,Plant,2,1649127965,47.353462348
387770,Beast,4,1649127959,29.938445
4107458,Aquatic,0,1649127944,27.021664275092593
3706394,Aquatic,3,1649127944,36.80851096354167
3309159,Plant,0,1649127944,28.17736
3216456,Aquatic,4,1649127944,24.65519
10293821,Plant,3,1649127944,47.549295
5559785,Aquatic,2,1649127938,19.794595400000002
5785410,Reptile,1,1649127917,19.371935
10958863,Mech,3,1649127911,50.719248
9953122,Plant,4,1649127884,47.549295
5152524,Beast,3,1649127863,38.74387
9091498,Beast,3,1649127839,35.2217
10041018,Plant,2,1649128007,19.45757366361111
4259876,Plant,2,1649127995,21.13296
6046255,Aquatic,4,1649127971,24.585481716920267
4903063,Reptile,5,1649127971,19.7945392
3192658,Beast,3,1649127971,42.26592
10168268,Aquatic,0,1649127971,88.054
3860337,Plant,1,1649127965,19.16759472
10868361,Plant,2,1649127965,47.353327904
387770,Beast,4,1649127959,29.93836
4107458,Aquatic,0,1649127944,27.021587556296296
3706394,Aquatic,3,1649127944,36.80840645833334
3309159,Plant,0,1649127944,28.17728
3216456,Aquatic,4,1649127944,24.65512
10293821,Plant,3,1649127944,47.54916
5559785,Aquatic,2,1649127938,19.7945392
5785410,Reptile,1,1649127917,19.37188
10958863,Mech,3,1649127911,50.719103999999994
9953122,Plant,4,1649127884,47.54916
5152524,Beast,3,1649127863,38.74376
9091498,Beast,3,1649127839,35.221599999999995
10041018,Plant,2,1649128007,19.45757366361111
4259876,Plant,2,1649127995,21.13296
6046255,Aquatic,4,1649127971,24.585481716920267
4903063,Reptile,5,1649127971,19.7945392
3192658,Beast,3,1649127971,42.26592
10168268,Aquatic,0,1649127971,88.054
3860337,Plant,1,1649127965,19.16759472
10868361,Plant,2,1649127965,47.353327904
387770,Beast,4,1649127959,29.93836
4107458,Aquatic,0,1649127944,27.021587556296296
3706394,Aquatic,3,1649127944,36.80840645833334
3309159,Plant,0,1649127944,28.17728
3216456,Aquatic,4,1649127944,24.65512
10293821,Plant,3,1649127944,47.54916
5559785,Aquatic,2,1649127938,19.7945392
5785410,Reptile,1,1649127917,19.37188
10958863,Mech,3,1649127911,50.719103999999994
9953122,Plant,4,1649127884,47.54916
5152524,Beast,3,1649127863,38.74376
9091498,Beast,3,1649127839,35.221599999999995
10041018,Plant,2,1649128007,19.457628906909722
4259876,Plant,2,1649127995,21.133020000000002
6046255,Aquatic,4,1649127971,24.585551519205563
4903063,Reptile,5,1649127971,19.794595400000002
3192658,Beast,3,1649127971,42.266040000000004
10168268,Aquatic,0,1649127971,88.05425
3860337,Plant,1,1649127965,19.16764914
10868361,Plant,2,1649127965,47.353462348
387770,Beast,4,1649127959,29.938445
4107458,Aquatic,0,1649127944,27.021664275092593
3706394,Aquatic,3,1649127944,36.80851096354167
3309159,Plant,0,1649127944,28.17736
3216456,Aquatic,4,1649127944,24.65519
10293821,Plant,3,1649127944,47.549295
5559785,Aquatic,2,1649127938,19.794595400000002
5785410,Reptile,1,1649127917,19.371935
10958863,Mech,3,1649127911,50.719248
9953122,Plant,4,1649127884,47.549295
5152524,Beast,3,1649127863,38.74387
9091498,Beast,3,1649127839,35.2217
10041018,Plant,2,1649128007,19.457628906909722
4259876,Plant,2,1649127995,21.133020000000002
6046255,Aquatic,4,1649127971,24.585551519205563
4903063,Reptile,5,1649127971,19.794595400000002
3192658,Beast,3,1649127971,42.266040000000004
10168268,Aquatic,0,1649127971,88.05425
3860337,Plant,1,1649127965,19.16764914
10868361,Plant,2,1649127965,47.353462348
387770,Beast,4,1649127959,29.938445
4107458,Aquatic,0,1649127944,27.021664275092593
3706394,Aquatic,3,1649127944,36.80851096354167
3309159,Plant,0,1649127944,28.17736
3216456,Aquatic,4,1649127944,24.65519
10293821,Plant,3,1649127944,47.549295
5559785,Aquatic,2,1649127938,19.794595400000002
5785410,Reptile,1,1649127917,19.371935
10958863,Mech,3,1649127911,50.719248
9953122,Plant,4,1649127884,47.549295
5152524,Beast,3,1649127863,38.74387
9091498,Beast,3,1649127839,35.2217
9315334,Plant,4,1649128019,44.027125
5361966,Aquatic,2,1649128019,33.460615000000004
3918177,Reptile,4,1649128019,19.83087741992708
10041018,Plant,2,1649128007,19.457628906909722
4259876,Plant,2,1649127995,21.133020000000002
6046255,Aquatic,4,1649127971,24.585551519205563
4903063,Reptile,5,1649127971,19.794595400000002
3192658,Beast,3,1649127971,42.266040000000004
10168268,Aquatic,0,1649127971,88.05425
3860337,Plant,1,1649127965,19.16764914
10868361,Plant,2,1649127965,47.353462348
387770,Beast,4,1649127959,29.938445
4107458,Aquatic,0,1649127944,27.021664275092593
3706394,Aquatic,3,1649127944,36.80851096354167
3309159,Plant,0,1649127944,28.17736
3216456,Aquatic,4,1649127944,24.65519
10293821,Plant,3,1649127944,47.549295
5559785,Aquatic,2,1649127938,19.794595400000002
5785410,Reptile,1,1649127917,19.371935
10958863,Mech,3,1649127911,50.719248
