0xef34f92d1daaaf6b141547deef8faa6eeea54b1a,3230,1
0x6e67dc6adec8069bc0be18495ae75638c83a5239,3192,2
0x3e367580580d3555d3fecefe6fa34b27bc52d8c4,3191,3
0xabfdaa15c236d506d189c0f75236bfecc9b70f8b,3150,4
0xa06eba77b61cdd531646304fa20b0e22fba5025d,3124,5
0xaf7e413d3b1fd82d11289a0dfb12ec02a4d2c6a2,3107,6
0x7c2023dd73c10662c1f9c93465acbdb7374b3292,3103,7
0xeda5d382666ef93215c7acb7f84cca64b3f48fb7,3097,8
0x33956bb3cb1b520f863519f7e344c22b5501b0ff,3060,9
0x05dd39e7e2cef4cf69be07defea9b9667d3e3d33,3059,10
0x29ee4671fdca385a3b9df766318bbcf0f56ca9bf,3052,11
0x3f74854634f38d85214fab55a9df20657394f82f,3046,12
0x0a1c0cd9a9ab7a7735cb4c9728e2d335a77506e5,3045,13
0xcfce514aec2512cd9a37ad36cfc7bcb19df12da4,3044,14
0xbf5b90cd68f8aca67ef306a8f21265f067906fea,3040,15
0x84164a038879057ad996c54333dc2ee611cd8f21,3031,16
0xb155f4fddfb8d25650ed9ff90f98bbf1c972a53c,3029,17
0xaf4172eeacbb8a256491fd0f4191e2bd305b71da,3027,18
0x7102673a5e5760246ef78003185c90bf57ae10dd,3020,19
0x84465c98474b0bb766cfe5f7870292d83b7ef554,3016,20
0x0363c40942487ffac3535fafb41b193789314cf4,3011,21
0xfc3370dbe227add7862fc9ec89667fe352145445,3010,22
0x4077c7b0bb212a2d8abbc4849855bc36202894a1,3010,23
0xfd4604c3f38c2609df457ce57e0cd4dd304180d5,3009,24
0xe8cc932b3034daee3faf13c875201bb119a3c2f5,3008,25
0x0a3575f4a0675bf060f0795d7a512a7fcddf3ff2,3007,26
0xc2803bbd01842513aedd6ee4330397c247d2b488,3004,27
0x4393681fa37e2601709877c77e62b6bf435f294c,3002,28
0x325d73aaa786273427eb5222cc5d0f3c1a3462a0,3001,29
0x3e77d16f5920021d0a3c73488ab9f3c4fd64daea,3001,30
0x6712c5341839ae24eb6c846cf93ab3636e2a8a67,2995,31
0x4fe641b54444d46201c32bafc3c48b4daaeb902c,2992,32
0x6195a259800869a90d045badafe6be1b4fac4ca0,2987,33
0xc93f64423052887fb5e96c74221f005f23393d2e,2985,34
0x57d12b82da8a0fb7744273df12b3d4e9dc5a13bc,2983,35
0x31e2a350a5b732e61acf06e618ac8b5ea7f31e63,2982,36
0x52b2b8ff0cafba8600d538b6ff9b2b9f5696b202,2981,37
0x929743dcc628e0096679a9d08c8b7513bed70f87,2981,38
0xd5d94697e7bb48794b0ef48f78b7ed6dd29f0683,2980,39
0x0409aa2bdd6ccfdd41102e8e581c5c6d3996986c,2978,40
0x2f21818aac7b512fa73891f04ed91dfdac4a5c81,2977,41
0xedfd2d1a9deb6fbc93d9f50235ad22a3493f355d,2974,42
0xe1d938fabe9bb8270f85448e267934fc54ef747b,2964,43
0x89be011c9da70b3b5686b6c82e661c4f983ff90d,2960,44
0x8b0a88985bc6be69b38760e71d04edc5bf1a7443,2959,45
0x29f86da4aa54ae5cdb5b322232ffab2cdb3ed8db,2959,46
0x9a66adc4d14d9ef8c332844546d3755e0ffc68ae,2958,47
0x09cdf52685617a40ae1c8a3a233d4fd26b5551ee,2958,48
0xca78f26db1fc2709eb852c6191dafc9ffdb43065,2956,49
0x85f5e9bbabcb63fa017f06e75bdc2328d7e1af4c,2956,50
0x1e8f73b16f2e7e8108a243ac5decda03b81b3e6d,2956,51
0x487d2537382496ab0383478456a1ca3e58face79,2954,52
0x88be00a50683deea2ba35307ac06998cefdfe859,2954,53
0xa6cad1da720e6e9a6e2be8b57b93573d0e8e1f3b,2954,54
0xdf28dc67179a71ef5d6a1b27b9542c814be484d3,2953,55
0x2d63894de32f1f4c77577cd7f4f1bd6ccde42d5d,2953,56
0x0a880a76ca58c6798a2a050712ac3f2c1e46e782,2948,57
0x38e7ad91b44c12e4e48f7ce5d659e8fec0c7e2c4,2948,58
0x2aa7eb4e5e7a1c5ea059f1a56dcb078c6bc327ed,2944,59
0x7158c67089e01772951d025ff2bd1b1ca13bf725,2942,60
0xc789cb4bef94bff219bd4bdb94f780ee28fea239,2942,61
0x442634777d06e052b32506e0582dbaedb9b15ccd,2940,62
0x39afe15550309e97731fff18e18529d7428068d8,2939,63
0x3b11653b1c95ede3713f53f046c483115cf3f503,2936,64
0x63943b48cafce1029b147d85c9a4e3c9907316ab,2935,65
0xe59cd3c93fdd6b3ac902d40a7f8f6c224f20cdd4,2934,66
0xd8a17925d987dd7915998a50aec92b5a5d409888,2932,67
0xfbe5c87aa99f08dff8d9f4a596c1fc9ff7cd0919,2932,68
0x13899bc046f9fbb445d1fc2344e09ea90af202d8,2930,69
0x2ac42fa3cdc0b104f451cdca832d53a918b9de0f,2929,70
0x82bef5ac283bfd282daccf8d53adf604ec5f5a1e,2929,71
0xf42438eb9831b969776e94978b093f0d98f50a32,2926,72
0x881ff23451422eba66f36736d1aa4bc706cdef4d,2925,73
0x315e55dbf4cf3b1530b37cf0cc69fe3f6d5ca461,2923,74
0x92d7b221e83ca31bbfa14f8fe7eb940644ffb910,2922,75
0x0329a9aab7f6f1a707bff0452395a84089be3c86,2920,76
0xfc824404db733736b5575974607c97ead22b4ca9,2919,77
0xc6e169ca9decb456bb99ba04c7a9480f2f604bd8,2919,78
0xaa0216af226928f67f0caa2d7dc925f573617dfa,2918,79
0xb6def8d9f03437e71e8c760b68ec621a8ffdb057,2915,80
0x4d9f7c8e438943ba2cccd3a24d91f7cf9b5a7cc6,2914,81
0x90a39fa1e13ab824d0276ab347c77c5f8c9cc82c,2914,82
0x4ec3010ccafea5663bbf2c89b9ea3c67c09c6b4a,2912,83
0x8f9363303e022ccaa28db60f8e90be4fcae8e212,2911,84
0x90456f79b6ac311136de2b627ebb3671f919394c,2911,85
0x7b1722b3a8e1500316d02e028aab6fe2d1a2c30e,2910,86
0x61a982ca11d5d015482b2114e40cffa40a5672fb,2909,87
0x2ad90a01e8458ac1c8809a45be52080ac8e52ca0,2909,88
0xba4020831e6bd9c12ec14686a0fcb63909497ada,2908,89
0xd61f112d410babfd2b7c7b4a4ccc616fca3d2060,2907,90
0xd67677cb49c06188804cff60c91bec32b622d737,2907,91
0x596745511fa362cde7f859c6e231284adc99b340,2907,92
0xa5a5de4d8895d35f3bc172c7bc58fdd7bc3b4e22,2907,93
0x18ff9da5338c7decc996dc1ff059978d79b9828e,2906,94
0xebb389d9593b86a964433f16f04cb408df67ad82,2906,95
0x3618440e121a41ca88489598885f6cf5584cfff2,2905,96
0x02568d053eac680f786dde00c690404ace9686d5,2905,97
0x0c764f173a845d5dd9474652c9c5466f75878f71,2903,98
0xde15add9fa1073d164c68458bad6c60b9dc659da,2902,99
0xcc353f44e083d616d8a4989a424c47342d0e478f,2901,100
